index;T:concept:name;E:concept:name;E:dismissal;E:lifecycle:transition;E:time:timestamp
5342;A12414;Appeal to Judge;G;complete;1/21/08 12:00 AM
12393;A1582;Appeal to Judge;G;complete;4/24/07 12:00 AM
25651;A22043;Appeal to Judge;G;complete;10/24/08 12:00 AM
35233;A26902;Appeal to Judge;G;complete;3/13/09 12:00 AM
38909;A28691;Appeal to Judge;G;complete;3/12/09 12:00 AM
44420;A31588;Appeal to Judge;G;complete;10/28/08 12:00 AM
45651;A32224;Appeal to Judge;G;complete;3/10/09 12:00 AM
55092;A37014;Appeal to Judge;G;complete;6/11/09 12:00 AM
55619;A373;Appeal to Judge;G;complete;8/6/07 12:00 AM
58754;A39281;Appeal to Judge;G;complete;9/1/09 12:00 AM
78276;A8677;Appeal to Judge;G;complete;3/23/08 12:00 AM
78465;A8866;Appeal to Judge;G;complete;12/17/07 12:00 AM
78792;A9077;Appeal to Judge;G;complete;3/28/08 12:00 AM
90945;C17552;Appeal to Judge;G;complete;1/12/06 12:00 AM
92600;C18492;Appeal to Judge;G;complete;4/26/06 12:00 AM
95281;C19877;Appeal to Judge;G;complete;11/27/08 12:00 AM
95392;C19944;Appeal to Judge;G;complete;11/27/08 12:00 AM
101957;N100563;Appeal to Judge;G;complete;5/7/07 12:00 AM
101992;N100576;Appeal to Judge;G;complete;10/18/07 12:00 AM
184205;N53141;Appeal to Judge;G;complete;3/21/05 12:00 AM
185601;N53905;Appeal to Judge;G;complete;4/20/05 12:00 AM
187686;N56091;Appeal to Judge;G;complete;4/14/05 12:00 AM
189640;N56915;Appeal to Judge;G;complete;6/3/05 12:00 AM
190275;N57236;Appeal to Judge;G;complete;2/1/05 12:00 AM
191653;N57760;Appeal to Judge;G;complete;5/16/05 12:00 AM
192607;N58131;Appeal to Judge;G;complete;3/4/05 12:00 AM
198451;N60673;Appeal to Judge;G;complete;10/10/05 12:00 AM
199329;N61028;Appeal to Judge;G;complete;5/26/05 12:00 AM
200127;N61376;Appeal to Judge;G;complete;10/6/05 12:00 AM
205622;N63682;Appeal to Judge;G;complete;3/17/05 12:00 AM
210382;N66627;Appeal to Judge;G;complete;6/7/05 12:00 AM
215823;N69777;Appeal to Judge;G;complete;7/3/06 12:00 AM
216930;N70523;Appeal to Judge;G;complete;1/5/06 12:00 AM
217117;N70629;Appeal to Judge;G;complete;3/13/06 12:00 AM
218253;N71109;Appeal to Judge;G;complete;8/22/05 12:00 AM
219714;N71893;Appeal to Judge;G;complete;8/8/06 12:00 AM
230197;N78117;Appeal to Judge;G;complete;10/4/05 12:00 AM
231268;N78768;Appeal to Judge;G;complete;4/24/06 12:00 AM
231303;N78790;Appeal to Judge;G;complete;4/28/06 12:00 AM
240604;N83764;Appeal to Judge;G;complete;3/1/06 12:00 AM
256712;N92914;Appeal to Judge;G;complete;12/23/06 12:00 AM
257641;N93643;Appeal to Judge;G;complete;11/10/06 12:00 AM
258323;N94063;Appeal to Judge;G;complete;12/18/06 12:00 AM
261609;N95560;Appeal to Judge;G;complete;11/10/06 12:00 AM
263071;N96265;Appeal to Judge;G;complete;10/28/06 12:00 AM
268335;N98723;Appeal to Judge;G;complete;6/5/07 12:00 AM
268695;N98871;Appeal to Judge;G;complete;1/27/07 12:00 AM
271007;N99957;Appeal to Judge;G;complete;3/27/07 12:00 AM
281931;S101417;Appeal to Judge;G;complete;10/3/05 12:00 AM
283441;S102549;Appeal to Judge;G;complete;8/8/06 12:00 AM
288465;S106226;Appeal to Judge;G;complete;8/2/06 12:00 AM
293627;S109222;Appeal to Judge;G;complete;11/10/06 12:00 AM
295709;S110840;Appeal to Judge;G;complete;11/14/06 12:00 AM
296443;S111240;Appeal to Judge;G;complete;4/26/07 12:00 AM
301700;S114328;Appeal to Judge;G;complete;2/7/07 12:00 AM
303023;S115066;Appeal to Judge;G;complete;8/8/07 12:00 AM
303047;S115081;Appeal to Judge;G;complete;3/1/07 12:00 AM
303052;S115082;Appeal to Judge;G;complete;2/21/07 12:00 AM
305645;S117276;Appeal to Judge;G;complete;12/18/07 12:00 AM
306700;S117944;Appeal to Judge;G;complete;5/9/07 12:00 AM
307836;S118660;Appeal to Judge;G;complete;5/2/07 12:00 AM
308739;S119329;Appeal to Judge;G;complete;1/7/08 12:00 AM
311221;S120772;Appeal to Judge;G;complete;1/14/08 12:00 AM
312224;S121334;Appeal to Judge;G;complete;2/14/08 12:00 AM
312715;S121601;Appeal to Judge;G;complete;2/19/08 12:00 AM
321981;S126632;Appeal to Judge;G;complete;2/19/09 12:00 AM
327934;S129830;Appeal to Judge;G;complete;3/9/09 12:00 AM
330778;S131429;Appeal to Judge;G;complete;9/25/09 12:00 AM
340300;S136875;Appeal to Judge;G;complete;10/3/09 12:00 AM
511003;S84347;Appeal to Judge;G;complete;6/9/04 12:00 AM
514874;S86974;Appeal to Judge;G;complete;11/15/03 12:00 AM
514970;S87021;Appeal to Judge;G;complete;6/9/04 12:00 AM
516597;S88123;Appeal to Judge;G;complete;7/1/04 12:00 AM
524565;S94546;Appeal to Judge;G;complete;12/10/04 12:00 AM
526511;S95543;Appeal to Judge;G;complete;4/28/05 12:00 AM
527813;S96230;Appeal to Judge;G;complete;5/10/05 12:00 AM
528627;S96683;Appeal to Judge;G;complete;1/21/05 12:00 AM
536934;V11604;Appeal to Judge;G;complete;3/2/04 12:00 AM
536964;V11612;Appeal to Judge;G;complete;2/21/04 12:00 AM
537300;V11762;Appeal to Judge;G;complete;3/10/04 12:00 AM
537390;V11801;Appeal to Judge;G;complete;9/27/03 12:00 AM
537896;V11986;Appeal to Judge;G;complete;2/23/04 12:00 AM
538001;V12024;Appeal to Judge;G;complete;7/16/04 12:00 AM
538723;V12287;Appeal to Judge;G;complete;2/23/04 12:00 AM
539425;V12557;Appeal to Judge;G;complete;6/12/04 12:00 AM
539604;V14999;Appeal to Judge;G;complete;3/6/06 12:00 AM
540347;V15878;Appeal to Judge;G;complete;3/12/07 12:00 AM
541277;V16548;Appeal to Judge;G;complete;9/22/07 12:00 AM
541395;V16643;Appeal to Judge;G;complete;5/16/07 12:00 AM
541398;V16650;Appeal to Judge;G;complete;5/15/07 12:00 AM
541734;V16877;Appeal to Judge;G;complete;3/5/08 12:00 AM
542445;V17310;Appeal to Judge;G;complete;11/7/08 12:00 AM
544872;V18655;Appeal to Judge;G;complete;4/12/10 12:00 AM
