index;T:concept:name;E:amount;E:article;E:concept:name;E:dismissal;E:lifecycle:transition;E:org:resource;E:points;E:time:timestamp;E:vehicleClass
10518;A14957;36.0;157.0;Create Fine;N;complete;562.0;0.0;6/5/07 12:00 AM;A
10694;A15048;36.0;157.0;Create Fine;K;complete;563.0;0.0;6/17/07 12:00 AM;A
14895;A17052;36.0;157.0;Create Fine;5;complete;537.0;0.0;7/31/07 12:00 AM;A
20528;A19730;36.0;7.0;Create Fine;5;complete;556.0;0.0;7/26/07 12:00 AM;A
20918;A19915;36.0;7.0;Create Fine;5;complete;564.0;0.0;7/28/07 12:00 AM;A
22477;A20576;36.0;7.0;Create Fine;5;complete;556.0;0.0;7/29/07 12:00 AM;A
26648;A22580;36.0;157.0;Create Fine;3;complete;541.0;0.0;10/9/07 12:00 AM;A
30319;A24463;36.0;157.0;Create Fine;3;complete;557.0;0.0;12/30/07 12:00 AM;A
58981;A39392;38.0;157.0;Create Fine;3;complete;550.0;0.0;4/22/09 12:00 AM;A
74303;A6273;35.0;157.0;Create Fine;5;complete;541.0;0.0;12/8/06 12:00 AM;A
86261;C14364;131.2;20.0;Create Fine;A;complete;21.0;0.0;10/31/01 12:00 AM;A
87171;C14862;0.0;171.0;Create Fine;I;complete;831.0;0.0;6/1/02 12:00 AM;C
90983;C17589;716.0;193.0;Create Fine;I;complete;52.0;0.0;8/11/05 12:00 AM;A
100609;L2402;398.0;180.0;Create Fine;D;complete;23.0;0.0;12/7/12 12:00 AM;A
100659;L2554;398.0;180.0;Create Fine;I;complete;41.0;0.0;1/12/13 12:00 AM;A
100661;L2555;398.0;180.0;Create Fine;I;complete;41.0;0.0;1/12/13 12:00 AM;A
106632;N18708;18.78;7.0;Create Fine;A;complete;546.0;0.0;3/2/00 12:00 AM;A
106666;N18719;18.78;7.0;Create Fine;T;complete;546.0;0.0;3/21/00 12:00 AM;A
106750;N19804;18.78;7.0;Create Fine;T;complete;540.0;0.0;8/19/00 12:00 AM;A
106924;N19876;32.8;157.0;Create Fine;A;complete;540.0;0.0;7/13/01 12:00 AM;A
106991;N19898;32.8;157.0;Create Fine;E;complete;540.0;0.0;7/20/01 12:00 AM;A
107003;N19905;32.8;157.0;Create Fine;A;complete;540.0;0.0;7/23/01 12:00 AM;A
107531;N21282;31.3;158.0;Create Fine;D;complete;541.0;0.0;1/15/00 12:00 AM;A
107744;N21358;62.59;158.0;Create Fine;T;complete;541.0;0.0;2/19/00 12:00 AM;A
107863;N21408;18.78;7.0;Create Fine;T;complete;541.0;0.0;3/6/00 12:00 AM;A
107890;N21416;31.3;157.0;Create Fine;T;complete;541.0;0.0;3/13/00 12:00 AM;A
107932;N21428;31.3;157.0;Create Fine;A;complete;541.0;0.0;3/16/00 12:00 AM;A
108181;N21856;18.78;7.0;Create Fine;@;complete;537.0;0.0;1/4/00 12:00 AM;A
108311;N21894;18.78;7.0;Create Fine;@;complete;537.0;0.0;1/11/00 12:00 AM;A
108453;N21943;31.3;157.0;Create Fine;A;complete;537.0;0.0;1/22/00 12:00 AM;A
108727;N22052;31.3;157.0;Create Fine;@;complete;536.0;0.0;1/10/00 12:00 AM;A
109595;N22439;31.3;157.0;Create Fine;D;complete;550.0;0.0;1/10/00 12:00 AM;A
109624;N22448;31.3;157.0;Create Fine;@;complete;550.0;0.0;1/10/00 12:00 AM;A
109687;N22467;31.3;157.0;Create Fine;@;complete;550.0;0.0;1/12/00 12:00 AM;A
109973;N22579;31.3;157.0;Create Fine;A;complete;550.0;0.0;1/31/00 12:00 AM;A
109980;N22581;18.78;7.0;Create Fine;D;complete;550.0;0.0;1/31/00 12:00 AM;A
110660;N22810;31.3;157.0;Create Fine;T;complete;538.0;0.0;1/26/00 12:00 AM;A
111022;N22936;31.3;158.0;Create Fine;T;complete;538.0;0.0;2/18/00 12:00 AM;A
111292;N23024;31.3;157.0;Create Fine;A;complete;548.0;0.0;2/22/00 12:00 AM;A
111531;N23119;31.3;157.0;Create Fine;M;complete;548.0;0.0;3/17/00 12:00 AM;A
111681;N23163;31.3;157.0;Create Fine;A;complete;548.0;0.0;4/4/00 12:00 AM;A
112381;N23387;31.3;157.0;Create Fine;T;complete;536.0;0.0;3/8/00 12:00 AM;A
112873;N23550;18.78;7.0;Create Fine;A;complete;537.0;0.0;2/14/00 12:00 AM;A
113036;N23620;31.3;157.0;Create Fine;T;complete;537.0;0.0;3/1/00 12:00 AM;A
113202;N23680;31.3;157.0;Create Fine;T;complete;537.0;0.0;3/16/00 12:00 AM;A
113232;N23691;31.3;157.0;Create Fine;T;complete;537.0;0.0;3/17/00 12:00 AM;A
113270;N23707;31.3;157.0;Create Fine;A;complete;537.0;0.0;3/18/00 12:00 AM;A
113940;N23976;18.78;7.0;Create Fine;A;complete;546.0;0.0;8/27/00 12:00 AM;A
114071;N24040;31.3;7.0;Create Fine;A;complete;541.0;0.0;3/29/00 12:00 AM;A
114320;N24143;31.3;157.0;Create Fine;A;complete;541.0;0.0;4/29/00 12:00 AM;A
114919;N24337;31.3;157.0;Create Fine;T;complete;538.0;0.0;3/11/00 12:00 AM;A
115008;N24368;31.3;157.0;Create Fine;A;complete;538.0;0.0;3/17/00 12:00 AM;A
115193;N24426;31.3;157.0;Create Fine;A;complete;538.0;0.0;3/25/00 12:00 AM;A
115398;N24495;31.3;158.0;Create Fine;A;complete;538.0;0.0;4/1/00 12:00 AM;A
115567;N24552;31.3;157.0;Create Fine;T;complete;536.0;0.0;4/27/00 12:00 AM;A
115591;N24561;31.3;157.0;Create Fine;A;complete;536.0;0.0;4/28/00 12:00 AM;A
115605;N24566;31.3;157.0;Create Fine;T;complete;536.0;0.0;4/29/00 12:00 AM;A
115913;N24674;18.78;7.0;Create Fine;T;complete;537.0;0.0;4/1/00 12:00 AM;A
116147;N24759;18.78;7.0;Create Fine;A;complete;537.0;0.0;5/12/00 12:00 AM;A
116308;N24802;31.3;157.0;Create Fine;A;complete;537.0;0.0;5/23/00 12:00 AM;A
116323;N24806;31.3;157.0;Create Fine;M;complete;537.0;0.0;5/24/00 12:00 AM;A
116776;N24963;31.3;157.0;Create Fine;A;complete;548.0;0.0;6/15/00 12:00 AM;A
116916;N25009;31.3;157.0;Create Fine;A;complete;550.0;0.0;3/16/00 12:00 AM;A
116982;N25039;31.3;157.0;Create Fine;A;complete;550.0;0.0;3/20/00 12:00 AM;A
117095;N25085;31.3;157.0;Create Fine;M;complete;550.0;0.0;3/25/00 12:00 AM;A
117384;N25196;31.3;157.0;Create Fine;T;complete;550.0;0.0;4/13/00 12:00 AM;A
117625;N25272;31.3;157.0;Create Fine;A;complete;538.0;0.0;4/7/00 12:00 AM;A
117842;N25335;31.3;157.0;Create Fine;M;complete;538.0;0.0;4/15/00 12:00 AM;A
117948;N25371;31.3;157.0;Create Fine;T;complete;538.0;0.0;5/8/00 12:00 AM;A
118053;N25408;31.3;157.0;Create Fine;T;complete;538.0;0.0;5/13/00 12:00 AM;A
118263;N25470;18.78;7.0;Create Fine;A;complete;538.0;0.0;5/24/00 12:00 AM;A
118328;N25492;31.3;157.0;Create Fine;A;complete;538.0;0.0;5/29/00 12:00 AM;A
118542;N25557;31.3;157.0;Create Fine;T;complete;550.0;0.0;5/8/00 12:00 AM;A
118769;N25626;18.78;7.0;Create Fine;A;complete;550.0;0.0;6/3/00 12:00 AM;A
118790;N25636;31.3;157.0;Create Fine;I;complete;550.0;0.0;6/7/00 12:00 AM;A
118811;N25647;18.78;7.0;Create Fine;A;complete;550.0;0.0;6/7/00 12:00 AM;A
118818;N25649;31.3;157.0;Create Fine;T;complete;550.0;0.0;6/10/00 12:00 AM;A
119832;N25963;31.3;157.0;Create Fine;T;complete;536.0;0.0;7/7/00 12:00 AM;A
120446;N26158;31.3;158.0;Create Fine;A;complete;538.0;0.0;6/23/00 12:00 AM;A
120687;N26234;31.3;157.0;Create Fine;T;complete;538.0;0.0;6/30/00 12:00 AM;A
120851;N26296;31.3;157.0;Create Fine;A;complete;541.0;0.0;7/2/00 12:00 AM;A
121024;N26374;31.3;157.0;Create Fine;T;complete;541.0;0.0;7/22/00 12:00 AM;A
121093;N26404;31.3;7.0;Create Fine;A;complete;541.0;0.0;7/22/00 12:00 AM;A
121247;N26453;31.3;157.0;Create Fine;A;complete;541.0;0.0;8/19/00 12:00 AM;A
121497;N26543;18.78;7.0;Create Fine;A;complete;537.0;0.0;6/19/00 12:00 AM;A
121971;N26708;31.3;157.0;Create Fine;A;complete;550.0;0.0;7/3/00 12:00 AM;A
121980;N26713;31.3;157.0;Create Fine;A;complete;550.0;0.0;7/3/00 12:00 AM;A
121982;N26715;18.78;7.0;Create Fine;D;complete;550.0;0.0;6/30/00 12:00 AM;A
122402;N26873;31.3;157.0;Create Fine;A;complete;548.0;0.0;6/27/00 12:00 AM;A
122522;N26920;31.3;157.0;Create Fine;T;complete;548.0;0.0;7/9/00 12:00 AM;A
122590;N26947;31.3;157.0;Create Fine;T;complete;548.0;0.0;8/27/00 12:00 AM;A
122879;N27045;18.78;7.0;Create Fine;A;complete;537.0;0.0;7/5/00 12:00 AM;A
122961;N27079;31.3;157.0;Create Fine;A;complete;538.0;0.0;7/9/00 12:00 AM;A
123160;N27141;31.3;157.0;Create Fine;A;complete;538.0;0.0;7/16/00 12:00 AM;A
123819;N27379;18.78;7.0;Create Fine;T;complete;536.0;0.0;8/4/00 12:00 AM;A
124324;N27594;31.3;157.0;Create Fine;Q;complete;537.0;0.0;7/19/00 12:00 AM;A
124406;N27629;31.3;157.0;Create Fine;A;complete;537.0;0.0;7/25/00 12:00 AM;A
124779;N27759;31.3;157.0;Create Fine;A;complete;546.0;0.0;9/12/00 12:00 AM;A
125045;N27862;31.3;157.0;Create Fine;A;complete;546.0;0.0;11/7/00 12:00 AM;A
125224;N27942;31.3;157.0;Create Fine;T;complete;548.0;0.0;9/30/00 12:00 AM;A
125403;N28028;18.78;7.0;Create Fine;A;complete;548.0;0.0;10/31/00 12:00 AM;A
125407;N28030;31.3;157.0;Create Fine;A;complete;548.0;0.0;11/6/00 12:00 AM;A
125632;N28113;31.3;157.0;Create Fine;A;complete;550.0;0.0;8/4/00 12:00 AM;A
125962;N28242;31.3;157.0;Create Fine;T;complete;550.0;0.0;8/17/00 12:00 AM;A
126352;N28374;18.78;7.0;Create Fine;T;complete;538.0;0.0;8/11/00 12:00 AM;A
126589;N28446;31.3;157.0;Create Fine;T;complete;538.0;0.0;8/19/00 12:00 AM;A
126688;N28476;31.3;157.0;Create Fine;I;complete;538.0;0.0;8/22/00 12:00 AM;A
127100;N28625;31.3;157.0;Create Fine;A;complete;537.0;0.0;8/28/00 12:00 AM;A
127486;N28763;18.78;7.0;Create Fine;A;complete;541.0;0.0;9/13/00 12:00 AM;A
127844;N28896;31.3;157.0;Create Fine;I;complete;541.0;0.0;10/27/00 12:00 AM;A
129004;N29322;31.3;157.0;Create Fine;I;complete;538.0;0.0;8/28/00 12:00 AM;A
129074;N29351;31.3;157.0;Create Fine;D;complete;538.0;0.0;8/29/00 12:00 AM;A
129916;N29670;31.3;157.0;Create Fine;A;complete;550.0;0.0;9/28/00 12:00 AM;A
129928;N29673;18.78;7.0;Create Fine;A;complete;550.0;0.0;9/27/00 12:00 AM;A
130137;N29736;18.78;7.0;Create Fine;A;complete;550.0;0.0;10/16/00 12:00 AM;A
130471;N29840;31.3;157.0;Create Fine;I;complete;536.0;0.0;10/11/00 12:00 AM;A
130776;N29940;18.78;7.0;Create Fine;I;complete;537.0;0.0;9/19/00 12:00 AM;A
131032;N30034;18.78;7.0;Create Fine;D;complete;538.0;0.0;10/17/00 12:00 AM;A
131493;N30190;18.78;7.0;Create Fine;T;complete;538.0;0.0;12/1/00 12:00 AM;A
131614;N30240;31.3;157.0;Create Fine;A;complete;538.0;0.0;12/12/00 12:00 AM;A
132481;N30537;31.3;157.0;Create Fine;A;complete;537.0;0.0;11/18/00 12:00 AM;A
132998;N30722;31.3;157.0;Create Fine;T;complete;537.0;0.0;12/22/00 12:00 AM;A
133619;N30950;32.8;157.0;Create Fine;N;complete;550.0;0.0;1/4/01 12:00 AM;A
133664;N30969;32.8;157.0;Create Fine;A;complete;550.0;0.0;1/10/01 12:00 AM;A
134011;N31100;32.8;157.0;Create Fine;E;complete;546.0;0.0;2/16/01 12:00 AM;A
134180;N31157;32.8;157.0;Create Fine;A;complete;546.0;0.0;3/24/01 12:00 AM;A
134306;N31205;31.3;157.0;Create Fine;T;complete;548.0;0.0;11/17/00 12:00 AM;A
134465;N31264;18.78;7.0;Create Fine;T;complete;548.0;0.0;12/1/00 12:00 AM;A
134662;N31347;32.8;157.0;Create Fine;A;complete;548.0;0.0;1/8/01 12:00 AM;A
134803;N31399;32.8;157.0;Create Fine;T;complete;548.0;0.0;1/26/01 12:00 AM;A
135093;N31513;31.3;157.0;Create Fine;F;complete;538.0;0.0;12/15/00 12:00 AM;A
135621;N31689;19.68;7.0;Create Fine;A;complete;538.0;0.0;1/13/01 12:00 AM;A
136256;N31909;32.8;157.0;Create Fine;V;complete;541.0;0.0;3/10/01 12:00 AM;A
136342;N31946;32.8;157.0;Create Fine;A;complete;541.0;0.0;3/20/01 12:00 AM;A
136705;N32083;32.8;157.0;Create Fine;T;complete;541.0;0.0;1/16/01 12:00 AM;A
136775;N32110;32.8;157.0;Create Fine;T;complete;548.0;0.0;2/3/01 12:00 AM;A
136921;N32171;32.8;157.0;Create Fine;A;complete;548.0;0.0;3/10/01 12:00 AM;A
137134;N32241;32.8;157.0;Create Fine;A;complete;536.0;0.0;2/16/01 12:00 AM;A
137203;N32265;32.8;157.0;Create Fine;T;complete;536.0;0.0;2/22/01 12:00 AM;A
137454;N32335;32.8;157.0;Create Fine;T;complete;536.0;0.0;3/19/01 12:00 AM;A
137629;N32394;32.8;157.0;Create Fine;T;complete;536.0;0.0;4/7/01 12:00 AM;A
137750;N32434;32.8;157.0;Create Fine;A;complete;536.0;0.0;4/24/01 12:00 AM;A
137814;N32459;32.8;157.0;Create Fine;T;complete;538.0;0.0;2/13/01 12:00 AM;A
137826;N32463;19.68;7.0;Create Fine;T;complete;538.0;0.0;2/10/01 12:00 AM;A
137871;N32481;32.8;157.0;Create Fine;T;complete;538.0;0.0;2/17/01 12:00 AM;A
138216;N32602;32.8;157.0;Create Fine;A;complete;538.0;0.0;2/6/01 12:00 AM;A
138377;N32660;19.68;7.0;Create Fine;A;complete;537.0;0.0;2/17/01 12:00 AM;A
138491;N32707;19.68;7.0;Create Fine;A;complete;537.0;0.0;3/3/01 12:00 AM;A
138569;N32736;19.68;7.0;Create Fine;T;complete;537.0;0.0;3/15/01 12:00 AM;A
138836;N32843;32.8;157.0;Create Fine;D;complete;550.0;0.0;2/6/01 12:00 AM;A
139281;N33010;32.8;157.0;Create Fine;A;complete;536.0;0.0;5/7/01 12:00 AM;A
139390;N33055;32.8;157.0;Create Fine;A;complete;536.0;0.0;5/31/01 12:00 AM;A
139613;N33129;19.68;7.0;Create Fine;I;complete;537.0;0.0;4/2/01 12:00 AM;A
139678;N33156;19.68;7.0;Create Fine;T;complete;537.0;0.0;4/7/01 12:00 AM;A
139780;N33206;32.8;157.0;Create Fine;A;complete;537.0;0.0;4/23/01 12:00 AM;A
139893;N33250;32.8;157.0;Create Fine;A;complete;537.0;0.0;5/2/01 12:00 AM;A
140081;N33329;32.8;157.0;Create Fine;I;complete;538.0;0.0;4/2/01 12:00 AM;A
140111;N33338;32.8;157.0;Create Fine;T;complete;538.0;0.0;4/5/01 12:00 AM;A
140191;N33369;32.8;157.0;Create Fine;D;complete;538.0;0.0;4/14/01 12:00 AM;A
140546;N33484;32.8;157.0;Create Fine;V;complete;538.0;0.0;5/23/01 12:00 AM;A
140615;N33508;19.68;7.0;Create Fine;I;complete;541.0;0.0;4/14/01 12:00 AM;A
140690;N33538;32.8;157.0;Create Fine;T;complete;541.0;0.0;4/28/01 12:00 AM;A
141228;N33762;32.0;157.0;Create Fine;I;complete;538.0;0.0;2/15/02 12:00 AM;A
141615;N33923;32.8;157.0;Create Fine;D;complete;548.0;0.0;5/2/01 12:00 AM;A
142123;N34111;32.8;157.0;Create Fine;U;complete;550.0;0.0;4/17/01 12:00 AM;A
142463;N34253;19.68;7.0;Create Fine;A;complete;536.0;0.0;6/20/01 12:00 AM;A
142492;N34265;32.8;157.0;Create Fine;A;complete;536.0;0.0;6/24/01 12:00 AM;A
142533;N34283;19.68;7.0;Create Fine;A;complete;536.0;0.0;6/24/01 12:00 AM;A
142620;N34313;32.8;157.0;Create Fine;A;complete;536.0;0.0;7/8/01 12:00 AM;A
142924;N34434;32.8;157.0;Create Fine;A;complete;537.0;0.0;6/23/01 12:00 AM;A
142938;N34441;32.8;157.0;Create Fine;D;complete;537.0;0.0;6/26/01 12:00 AM;A
143033;N34471;32.8;157.0;Create Fine;A;complete;537.0;0.0;6/14/01 12:00 AM;A
143487;N34648;19.68;7.0;Create Fine;A;complete;538.0;0.0;6/20/01 12:00 AM;A
143706;N34752;32.8;157.0;Create Fine;A;complete;538.0;0.0;7/4/01 12:00 AM;A
143771;N34776;32.8;157.0;Create Fine;C;complete;538.0;0.0;7/8/01 12:00 AM;A
143936;N34840;19.68;7.0;Create Fine;A;complete;541.0;0.0;6/25/01 12:00 AM;A
144050;N34882;32.8;157.0;Create Fine;C;complete;541.0;0.0;7/8/01 12:00 AM;A
144096;N34910;19.68;7.0;Create Fine;A;complete;541.0;0.0;7/9/01 12:00 AM;A
144222;N34965;32.8;157.0;Create Fine;N;complete;548.0;0.0;7/7/01 12:00 AM;A
144363;N35023;32.8;157.0;Create Fine;A;complete;548.0;0.0;7/12/01 12:00 AM;A
144642;N35140;32.8;157.0;Create Fine;T;complete;550.0;0.0;6/11/01 12:00 AM;A
144716;N35182;32.8;157.0;Create Fine;A;complete;550.0;0.0;6/24/01 12:00 AM;A
144887;N35278;32.8;157.0;Create Fine;A;complete;550.0;0.0;7/18/01 12:00 AM;A
145193;N35420;19.68;7.0;Create Fine;A;complete;536.0;0.0;9/3/01 12:00 AM;A
145340;N35484;19.68;7.0;Create Fine;A;complete;536.0;0.0;9/21/01 12:00 AM;A
145465;N35543;32.8;157.0;Create Fine;A;complete;537.0;0.0;7/29/01 12:00 AM;A
145628;N35607;32.8;157.0;Create Fine;T;complete;537.0;0.0;8/10/01 12:00 AM;A
145932;N35736;32.8;157.0;Create Fine;A;complete;538.0;0.0;7/24/01 12:00 AM;A
146061;N35778;19.68;7.0;Create Fine;A;complete;538.0;0.0;7/28/01 12:00 AM;A
146212;N35829;32.8;157.0;Create Fine;N;complete;538.0;0.0;8/7/01 12:00 AM;A
146233;N35841;19.68;7.0;Create Fine;I;complete;538.0;0.0;8/7/01 12:00 AM;A
146553;N35952;32.8;157.0;Create Fine;A;complete;541.0;0.0;7/29/01 12:00 AM;A
146579;N35960;32.8;157.0;Create Fine;A;complete;541.0;0.0;7/29/01 12:00 AM;A
146659;N35992;32.8;157.0;Create Fine;T;complete;541.0;0.0;8/5/01 12:00 AM;A
147279;N36253;32.8;157.0;Create Fine;T;complete;548.0;0.0;8/12/01 12:00 AM;A
147477;N36345;32.8;157.0;Create Fine;A;complete;548.0;0.0;8/30/01 12:00 AM;A
147523;N36367;32.8;157.0;Create Fine;T;complete;548.0;0.0;9/3/01 12:00 AM;A
147768;N36472;32.8;157.0;Create Fine;N;complete;550.0;0.0;7/30/01 12:00 AM;A
147808;N36507;32.8;157.0;Create Fine;A;complete;550.0;0.0;8/7/01 12:00 AM;A
147857;N36523;32.8;157.0;Create Fine;T;complete;550.0;0.0;8/11/01 12:00 AM;A
147991;N36580;32.8;158.0;Create Fine;T;complete;550.0;0.0;8/21/01 12:00 AM;A
148346;N36751;32.8;157.0;Create Fine;A;complete;537.0;0.0;8/26/01 12:00 AM;A
148503;N36820;32.8;157.0;Create Fine;A;complete;537.0;0.0;9/6/01 12:00 AM;A
148802;N36959;32.8;157.0;Create Fine;A;complete;537.0;0.0;10/2/01 12:00 AM;A
150148;N37538;19.68;7.0;Create Fine;A;complete;548.0;0.0;10/10/01 12:00 AM;A
151760;N38226;32.8;157.0;Create Fine;A;complete;537.0;0.0;10/23/01 12:00 AM;A
152189;N38415;32.8;157.0;Create Fine;A;complete;538.0;0.0;10/31/01 12:00 AM;A
152272;N38446;32.8;157.0;Create Fine;E;complete;538.0;0.0;11/12/01 12:00 AM;A
152637;N38583;32.8;157.0;Create Fine;N;complete;540.0;0.0;12/24/01 12:00 AM;A
153730;N39049;19.68;7.0;Create Fine;N;complete;537.0;0.0;12/3/01 12:00 AM;A
174215;N47430;33.6;157.0;Create Fine;T;complete;536.0;0.0;2/14/03 12:00 AM;A
175306;N47886;33.6;157.0;Create Fine;T;complete;550.0;0.0;2/25/03 12:00 AM;A
184499;N53297;33.6;157.0;Create Fine;D;complete;550.0;0.0;5/20/04 12:00 AM;A
235780;N81574;35.0;157.0;Create Fine;B;complete;550.0;0.0;9/10/05 12:00 AM;A
235782;N81575;35.0;157.0;Create Fine;B;complete;550.0;0.0;9/10/05 12:00 AM;A
272138;P1464;24.0;7.0;Create Fine;D;complete;557.0;0.0;7/24/11 12:00 AM;A
288902;S106487;71.0;158.0;Create Fine;D;complete;844.0;0.0;5/14/06 12:00 AM;A
292430;S108534;35.0;157.0;Create Fine;C;complete;28.0;0.0;10/14/05 12:00 AM;A
362819;S148938;78.0;158.0;Create Fine;K;complete;53.0;0.0;4/9/10 12:00 AM;A
362955;S149011;23.0;7.0;Create Fine;U;complete;854.0;0.0;3/18/10 12:00 AM;A
379891;S157521;80.0;158.0;Create Fine;5;complete;60.0;2.0;5/4/11 12:00 AM;A
385848;S160811;78.0;158.0;Create Fine;D;complete;858.0;0.0;10/20/10 12:00 AM;A
385850;S160812;23.0;181.0;Create Fine;D;complete;858.0;0.0;10/20/10 12:00 AM;A
389944;S162990;24.0;7.0;Create Fine;K;complete;49.0;0.0;2/7/11 12:00 AM;A
393846;S165177;39.0;7.0;Create Fine;D;complete;45.0;0.0;6/26/11 12:00 AM;A
396306;S166414;24.0;181.0;Create Fine;5;complete;857.0;0.0;4/29/11 12:00 AM;A
396308;S166415;24.0;7.0;Create Fine;5;complete;857.0;0.0;4/29/11 12:00 AM;A
400030;S168364;80.0;158.0;Create Fine;D;complete;848.0;0.0;6/7/11 12:00 AM;A
403870;S170186;80.0;158.0;Create Fine;5;complete;858.0;2.0;7/18/11 12:00 AM;A
411411;S174110;39.0;157.0;Create Fine;D;complete;40.0;0.0;8/17/11 12:00 AM;A
418165;S178425;669.0;94.0;Create Fine;D;complete;41.0;0.0;10/2/12 12:00 AM;A
420214;S181278;24.0;181.0;Create Fine;D;complete;862.0;0.0;6/13/12 12:00 AM;A
422123;S184035;80.0;158.0;Create Fine;$;complete;849.0;0.0;7/4/12 12:00 AM;A
426628;S190800;24.0;181.0;Create Fine;D;complete;852.0;0.0;11/12/12 12:00 AM;A
427436;S191787;84.0;158.0;Create Fine;5;complete;63.0;2.0;2/7/13 12:00 AM;A
428818;S37635;62.59;158.0;Create Fine;@;complete;8.0;0.0;1/3/00 12:00 AM;A
428849;S37641;62.59;158.0;Create Fine;T;complete;8.0;0.0;1/15/00 12:00 AM;A
429176;S38058;31.3;158.0;Create Fine;T;complete;11.0;0.0;1/13/00 12:00 AM;A
429519;S39141;65.0;158.0;Create Fine;I;complete;22.0;0.0;11/4/02 12:00 AM;A
429894;S39577;31.3;7.0;Create Fine;A;complete;24.0;0.0;7/23/00 12:00 AM;A
430018;S41366;312.97;180.0;Create Fine;I;complete;3.0;0.0;5/28/00 12:00 AM;A
430160;S42684;62.59;158.0;Create Fine;@;complete;29.0;0.0;1/6/00 12:00 AM;C
431466;S43560;32.8;7.0;Create Fine;I;complete;18.0;0.0;5/5/01 12:00 AM;A
431514;S43700;31.3;7.0;Create Fine;A;complete;20.0;0.0;1/8/00 12:00 AM;A
431937;S44325;31.3;7.0;Create Fine;U;complete;704.0;0.0;1/13/00 12:00 AM;A
432323;S44724;31.3;7.0;Create Fine;U;complete;36.0;0.0;4/28/00 12:00 AM;A
432563;S44832;31.3;7.0;Create Fine;M;complete;29.0;0.0;3/3/00 12:00 AM;A
432787;S44930;31.3;7.0;Create Fine;A;complete;20.0;0.0;5/23/00 12:00 AM;C
432817;S44939;31.3;7.0;Create Fine;A;complete;20.0;0.0;6/2/00 12:00 AM;C
432860;S44956;62.59;158.0;Create Fine;D;complete;29.0;0.0;3/28/00 12:00 AM;A
432903;S44977;62.59;158.0;Create Fine;A;complete;29.0;0.0;4/14/00 12:00 AM;A
432936;S44990;31.3;158.0;Create Fine;A;complete;29.0;0.0;4/21/00 12:00 AM;A
432972;S45021;31.3;7.0;Create Fine;N;complete;21.0;0.0;5/6/00 12:00 AM;A
433651;S45278;31.3;7.0;Create Fine;A;complete;704.0;0.0;3/6/00 12:00 AM;A
433744;S45332;31.3;158.0;Create Fine;A;complete;30.0;0.0;3/25/00 12:00 AM;A
433787;S45348;31.3;7.0;Create Fine;A;complete;30.0;0.0;4/1/00 12:00 AM;A
433854;S45378;62.59;158.0;Create Fine;T;complete;33.0;0.0;3/17/00 12:00 AM;A
434002;S45435;31.3;158.0;Create Fine;T;complete;704.0;0.0;4/17/00 12:00 AM;A
434049;S45458;31.3;7.0;Create Fine;A;complete;11.0;0.0;3/18/00 12:00 AM;A
434143;S47651;62.59;158.0;Create Fine;A;complete;30.0;0.0;1/4/00 12:00 AM;A
434458;S47821;31.3;158.0;Create Fine;@;complete;31.0;0.0;3/4/00 12:00 AM;A
434516;S47837;31.3;7.0;Create Fine;A;complete;31.0;0.0;3/7/00 12:00 AM;A
434615;S47870;31.3;158.0;Create Fine;T;complete;31.0;0.0;1/21/00 12:00 AM;A
435351;S48382;62.59;158.0;Create Fine;A;complete;27.0;0.0;2/4/00 12:00 AM;A
435712;S48586;31.3;158.0;Create Fine;T;complete;32.0;0.0;1/24/00 12:00 AM;A
435714;S48587;31.3;158.0;Create Fine;F;complete;32.0;0.0;1/24/00 12:00 AM;A
436315;S49102;62.59;158.0;Create Fine;T;complete;35.0;0.0;2/14/00 12:00 AM;A
436351;S49116;31.3;158.0;Create Fine;T;complete;35.0;0.0;2/20/00 12:00 AM;C
436883;S49489;31.3;158.0;Create Fine;T;complete;34.0;0.0;3/9/00 12:00 AM;A
437194;S49614;31.3;7.0;Create Fine;T;complete;28.0;0.0;3/30/00 12:00 AM;A
437464;S49726;31.3;7.0;Create Fine;U;complete;33.0;0.0;4/13/00 12:00 AM;A
437629;S49815;31.3;7.0;Create Fine;@;complete;35.0;0.0;6/4/00 12:00 AM;A
437850;S49926;62.59;41.0;Create Fine;N;complete;11.0;0.0;5/7/00 12:00 AM;A
437922;S49957;31.3;158.0;Create Fine;A;complete;704.0;0.0;4/28/00 12:00 AM;A
437941;S49963;62.59;158.0;Create Fine;A;complete;704.0;0.0;4/29/00 12:00 AM;A
438519;S50206;31.3;7.0;Create Fine;U;complete;34.0;0.0;5/19/00 12:00 AM;A
438593;S50237;31.3;158.0;Create Fine;A;complete;34.0;0.0;6/30/00 12:00 AM;A
439165;S50500;31.3;157.0;Create Fine;D;complete;821.0;0.0;8/25/00 12:00 AM;A
439275;S50545;31.3;158.0;Create Fine;A;complete;11.0;0.0;6/7/00 12:00 AM;A
440188;S50913;31.3;158.0;Create Fine;Z;complete;811.0;0.0;6/17/00 12:00 AM;A
441003;S51241;31.3;7.0;Create Fine;D;complete;817.0;0.0;6/24/00 12:00 AM;A
441121;S51294;31.3;7.0;Create Fine;T;complete;818.0;0.0;6/25/00 12:00 AM;A
441213;S51338;31.3;157.0;Create Fine;A;complete;818.0;0.0;7/15/00 12:00 AM;A
441536;S51478;31.3;157.0;Create Fine;D;complete;820.0;0.0;6/5/00 12:00 AM;A
441665;S51537;31.3;158.0;Create Fine;N;complete;820.0;0.0;6/26/00 12:00 AM;A
441710;S51559;31.3;158.0;Create Fine;A;complete;821.0;0.0;6/11/00 12:00 AM;A
442072;S51698;31.3;7.0;Create Fine;T;complete;823.0;0.0;6/28/00 12:00 AM;A
442551;S51889;31.3;7.0;Create Fine;A;complete;825.0;0.0;6/19/00 12:00 AM;A
443265;S52210;62.59;158.0;Create Fine;A;complete;828.0;0.0;5/31/00 12:00 AM;A
443307;S52224;31.3;43.0;Create Fine;A;complete;828.0;0.0;6/10/00 12:00 AM;C
444144;S52557;31.3;43.0;Create Fine;A;complete;807.0;0.0;6/16/00 12:00 AM;M
444593;S52753;62.59;158.0;Create Fine;A;complete;704.0;0.0;6/27/00 12:00 AM;A
444656;S52785;31.3;157.0;Create Fine;T;complete;704.0;0.0;7/6/00 12:00 AM;A
444879;S52898;31.3;7.0;Create Fine;A;complete;704.0;0.0;9/1/00 12:00 AM;A
445142;S53015;31.3;158.0;Create Fine;A;complete;829.0;0.0;6/27/00 12:00 AM;A
445721;S53258;62.59;158.0;Create Fine;T;complete;807.0;0.0;6/27/00 12:00 AM;A
446195;S53463;31.3;7.0;Create Fine;A;complete;30.0;0.0;7/25/00 12:00 AM;A
446712;S53708;31.3;157.0;Create Fine;D;complete;816.0;0.0;7/9/00 12:00 AM;A
446763;S53726;31.3;157.0;Create Fine;A;complete;816.0;0.0;7/17/00 12:00 AM;A
446796;S53744;62.59;158.0;Create Fine;U;complete;816.0;0.0;7/23/00 12:00 AM;A
446867;S53778;31.3;7.0;Create Fine;T;complete;816.0;0.0;7/29/00 12:00 AM;A
446990;S53837;31.3;157.0;Create Fine;T;complete;817.0;0.0;7/14/00 12:00 AM;A
447601;S54101;31.3;7.0;Create Fine;A;complete;829.0;0.0;7/9/00 12:00 AM;A
447933;S54238;31.3;157.0;Create Fine;T;complete;825.0;0.0;7/12/00 12:00 AM;A
448144;S54341;32.8;7.0;Create Fine;T;complete;21.0;0.0;2/25/01 12:00 AM;A
448592;S54525;31.3;7.0;Create Fine;A;complete;828.0;0.0;7/30/00 12:00 AM;A
448830;S54620;65.6;158.0;Create Fine;A;complete;32.0;0.0;8/9/01 12:00 AM;C
449340;S54866;31.3;157.0;Create Fine;A;complete;829.0;0.0;8/16/00 12:00 AM;A
449411;S54890;31.3;157.0;Create Fine;T;complete;829.0;0.0;8/17/00 12:00 AM;A
449435;S54901;31.3;7.0;Create Fine;A;complete;823.0;0.0;7/17/00 12:00 AM;A
449510;S54921;31.3;7.0;Create Fine;T;complete;823.0;0.0;7/23/00 12:00 AM;A
449575;S54949;31.3;7.0;Create Fine;A;complete;823.0;0.0;7/30/00 12:00 AM;A
449752;S55041;31.3;157.0;Create Fine;A;complete;802.0;0.0;7/23/00 12:00 AM;C
449783;S55054;31.3;7.0;Create Fine;Z;complete;802.0;0.0;7/23/00 12:00 AM;A
449952;S55142;31.3;7.0;Create Fine;V;complete;802.0;0.0;8/13/00 12:00 AM;A
450150;S55217;62.59;158.0;Create Fine;A;complete;808.0;0.0;8/15/00 12:00 AM;A
450164;S55221;31.3;7.0;Create Fine;A;complete;808.0;0.0;8/16/00 12:00 AM;A
450548;S55387;31.3;7.0;Create Fine;C;complete;821.0;0.0;8/5/00 12:00 AM;A
450664;S55446;31.3;158.0;Create Fine;V;complete;820.0;0.0;7/25/00 12:00 AM;A
450763;S55486;31.3;7.0;Create Fine;A;complete;818.0;0.0;8/7/00 12:00 AM;A
450867;S55538;31.3;158.0;Create Fine;A;complete;28.0;0.0;3/21/00 12:00 AM;A
451015;S55623;32.8;7.0;Create Fine;I;complete;27.0;0.0;4/26/01 12:00 AM;A
451472;S55849;31.3;158.0;Create Fine;A;complete;827.0;0.0;8/13/00 12:00 AM;A
452159;S56158;31.3;158.0;Create Fine;F;complete;817.0;0.0;8/1/00 12:00 AM;A
452203;S56178;62.59;158.0;Create Fine;A;complete;817.0;0.0;8/3/00 12:00 AM;A
452303;S56219;31.3;7.0;Create Fine;T;complete;828.0;0.0;8/13/00 12:00 AM;A
452852;S56428;32.8;157.0;Create Fine;A;complete;20.0;0.0;4/29/01 12:00 AM;A
453105;S56551;31.3;7.0;Create Fine;V;complete;811.0;0.0;7/29/00 12:00 AM;A
453171;S56586;62.59;158.0;Create Fine;A;complete;811.0;0.0;8/16/00 12:00 AM;A
453209;S56605;31.3;7.0;Create Fine;T;complete;825.0;0.0;7/30/00 12:00 AM;A
453796;S56825;31.3;157.0;Create Fine;V;complete;816.0;0.0;10/16/00 12:00 AM;A
453842;S56863;31.3;7.0;Create Fine;A;complete;823.0;0.0;8/6/00 12:00 AM;A
454376;S57083;62.59;158.0;Create Fine;T;complete;29.0;0.0;12/30/00 12:00 AM;A
454411;S57097;32.8;157.0;Create Fine;N;complete;29.0;0.0;2/7/01 12:00 AM;A
454596;S57176;62.59;158.0;Create Fine;V;complete;817.0;0.0;8/13/00 12:00 AM;A
454778;S57251;62.59;158.0;Create Fine;T;complete;818.0;0.0;8/11/00 12:00 AM;A
454898;S57306;31.3;7.0;Create Fine;A;complete;819.0;0.0;8/15/00 12:00 AM;A
455435;S57517;31.3;7.0;Create Fine;A;complete;813.0;0.0;8/25/00 12:00 AM;A
455755;S57695;31.3;157.0;Create Fine;V;complete;817.0;0.0;8/15/00 12:00 AM;A
455960;S57782;31.3;158.0;Create Fine;A;complete;824.0;0.0;9/29/00 12:00 AM;A
456047;S57828;31.3;158.0;Create Fine;A;complete;829.0;0.0;8/27/00 12:00 AM;A
457298;S58339;31.3;158.0;Create Fine;A;complete;825.0;0.0;9/3/00 12:00 AM;A
457340;S58410;62.59;158.0;Create Fine;F;complete;810.0;0.0;9/9/00 12:00 AM;A
457678;S58561;31.3;7.0;Create Fine;A;complete;829.0;0.0;9/7/00 12:00 AM;A
457941;S58666;62.59;158.0;Create Fine;T;complete;807.0;0.0;9/2/00 12:00 AM;A
457965;S58677;31.3;158.0;Create Fine;A;complete;807.0;0.0;9/3/00 12:00 AM;A
458265;S58802;31.3;158.0;Create Fine;A;complete;28.0;0.0;8/31/00 12:00 AM;A
458807;S59072;31.3;7.0;Create Fine;C;complete;11.0;0.0;10/6/00 12:00 AM;A
459902;S59766;31.3;43.0;Create Fine;A;complete;820.0;0.0;10/25/00 12:00 AM;C
460065;S59901;31.3;158.0;Create Fine;I;complete;11.0;0.0;12/5/00 12:00 AM;A
460340;S60008;31.3;158.0;Create Fine;N;complete;26.0;0.0;12/29/00 12:00 AM;A
460440;S60056;32.8;7.0;Create Fine;T;complete;35.0;0.0;1/27/01 12:00 AM;A
460601;S60113;32.8;158.0;Create Fine;N;complete;30.0;0.0;3/5/01 12:00 AM;A
460634;S60124;32.8;7.0;Create Fine;A;complete;30.0;0.0;3/8/01 12:00 AM;A
460685;S60145;32.8;7.0;Create Fine;T;complete;30.0;0.0;4/1/01 12:00 AM;A
461180;S60356;32.8;157.0;Create Fine;U;complete;34.0;0.0;3/21/01 12:00 AM;A
461191;S60368;65.6;41.0;Create Fine;J;complete;34.0;0.0;5/17/01 12:00 AM;A
461410;S60479;32.8;158.0;Create Fine;D;complete;11.0;0.0;1/16/01 12:00 AM;A
461445;S60507;32.8;158.0;Create Fine;A;complete;26.0;0.0;3/27/01 12:00 AM;A
461511;S60537;32.8;7.0;Create Fine;T;complete;26.0;0.0;7/14/01 12:00 AM;A
461747;S60633;32.8;7.0;Create Fine;Z;complete;704.0;0.0;5/3/01 12:00 AM;C
461939;S60723;65.6;158.0;Create Fine;R;complete;11.0;0.0;4/10/01 12:00 AM;C
462010;S60755;32.8;158.0;Create Fine;U;complete;30.0;0.0;4/12/01 12:00 AM;A
462031;S60764;32.8;7.0;Create Fine;I;complete;30.0;0.0;5/8/01 12:00 AM;A
462043;S60769;65.6;41.0;Create Fine;E;complete;30.0;0.0;6/12/01 12:00 AM;A
462058;S60775;65.6;41.0;Create Fine;A;complete;30.0;0.0;7/26/01 12:00 AM;A
462176;S60846;32.0;7.0;Create Fine;N;complete;21.0;0.0;6/16/02 12:00 AM;A
462203;S60855;32.8;158.0;Create Fine;A;complete;36.0;0.0;8/25/01 12:00 AM;A
462322;S60916;32.8;7.0;Create Fine;A;complete;35.0;0.0;10/24/01 12:00 AM;A
462347;S60925;32.8;158.0;Create Fine;A;complete;35.0;0.0;12/22/01 12:00 AM;A
463119;S61263;65.6;158.0;Create Fine;I;complete;827.0;0.0;5/19/01 12:00 AM;A
463121;S61264;32.8;158.0;Create Fine;A;complete;827.0;0.0;5/19/01 12:00 AM;A
463144;S61269;32.8;7.0;Create Fine;A;complete;827.0;0.0;5/19/01 12:00 AM;A
463398;S61361;32.8;158.0;Create Fine;V;complete;818.0;0.0;5/10/01 12:00 AM;A
464066;S61617;32.8;158.0;Create Fine;I;complete;830.0;0.0;5/21/01 12:00 AM;A
464111;S61637;32.8;7.0;Create Fine;V;complete;830.0;0.0;6/16/01 12:00 AM;A
464397;S61749;32.8;7.0;Create Fine;D;complete;834.0;0.0;6/24/01 12:00 AM;A
464474;S61778;32.8;158.0;Create Fine;A;complete;825.0;0.0;5/15/01 12:00 AM;A
464634;S61841;32.8;7.0;Create Fine;I;complete;820.0;0.0;5/26/01 12:00 AM;A
464888;S61940;65.6;43.0;Create Fine;Z;complete;836.0;0.0;6/3/01 12:00 AM;C
465242;S62065;32.8;7.0;Create Fine;A;complete;823.0;0.0;6/2/01 12:00 AM;A
466012;S62395;65.0;158.0;Create Fine;R;complete;30.0;0.0;3/9/02 12:00 AM;A
466364;S62543;32.8;158.0;Create Fine;D;complete;824.0;0.0;6/26/01 12:00 AM;A
466515;S62597;32.8;7.0;Create Fine;A;complete;825.0;0.0;6/17/01 12:00 AM;A
466623;S62638;32.8;158.0;Create Fine;U;complete;820.0;0.0;6/25/01 12:00 AM;A
466716;S62684;32.8;7.0;Create Fine;A;complete;810.0;0.0;6/10/01 12:00 AM;A
466781;S62707;32.8;7.0;Create Fine;A;complete;802.0;0.0;6/9/01 12:00 AM;A
467505;S62991;32.8;7.0;Create Fine;Z;complete;831.0;0.0;6/20/01 12:00 AM;C
468382;S63357;32.8;7.0;Create Fine;A;complete;829.0;0.0;6/26/01 12:00 AM;A
469274;S63759;32.8;158.0;Create Fine;A;complete;830.0;0.0;6/30/01 12:00 AM;A
469737;S63946;32.8;7.0;Create Fine;A;complete;837.0;0.0;7/8/01 12:00 AM;A
470064;S64089;32.8;7.0;Create Fine;A;complete;11.0;0.0;7/12/01 12:00 AM;A
470125;S64109;32.8;157.0;Create Fine;A;complete;820.0;0.0;7/2/01 12:00 AM;A
470492;S64256;65.6;43.0;Create Fine;R;complete;836.0;0.0;7/2/01 12:00 AM;C
470548;S64276;32.8;7.0;Create Fine;A;complete;836.0;0.0;7/7/01 12:00 AM;A
470913;S64435;65.6;158.0;Create Fine;A;complete;839.0;0.0;7/14/01 12:00 AM;A
471115;S64526;32.8;7.0;Create Fine;A;complete;828.0;0.0;7/28/01 12:00 AM;A
471642;S64766;65.6;158.0;Create Fine;A;complete;838.0;0.0;7/13/01 12:00 AM;A
472277;S65046;32.8;157.0;Create Fine;N;complete;823.0;0.0;7/28/01 12:00 AM;A
472284;S65049;65.6;158.0;Create Fine;A;complete;823.0;0.0;7/28/01 12:00 AM;A
472343;S65076;65.6;158.0;Create Fine;A;complete;829.0;0.0;7/15/01 12:00 AM;A
472345;S65077;65.6;158.0;Create Fine;A;complete;829.0;0.0;7/15/01 12:00 AM;A
472440;S65116;32.8;158.0;Create Fine;A;complete;819.0;0.0;7/17/01 12:00 AM;A
472776;S65284;32.8;157.0;Create Fine;N;complete;835.0;0.0;8/1/01 12:00 AM;A
472815;S65304;32.8;7.0;Create Fine;T;complete;837.0;0.0;7/11/01 12:00 AM;A
472977;S65373;32.8;158.0;Create Fine;A;complete;836.0;0.0;7/19/01 12:00 AM;A
473048;S65403;65.6;158.0;Create Fine;A;complete;802.0;0.0;7/15/01 12:00 AM;A
473057;S65409;32.8;7.0;Create Fine;A;complete;802.0;0.0;7/15/01 12:00 AM;A
473301;S65507;32.8;157.0;Create Fine;T;complete;820.0;0.0;7/15/01 12:00 AM;A
473352;S65529;65.6;158.0;Create Fine;A;complete;820.0;0.0;7/22/01 12:00 AM;A
473359;S65533;32.8;158.0;Create Fine;A;complete;820.0;0.0;7/22/01 12:00 AM;A
473445;S65567;65.6;158.0;Create Fine;A;complete;825.0;0.0;7/24/01 12:00 AM;A
473879;S65779;32.8;171.0;Create Fine;T;complete;831.0;0.0;7/20/01 12:00 AM;C
473956;S65806;32.8;158.0;Create Fine;A;complete;11.0;0.0;7/18/01 12:00 AM;A
474314;S65964;65.6;158.0;Create Fine;A;complete;834.0;0.0;7/27/01 12:00 AM;A
474562;S66058;32.8;7.0;Create Fine;N;complete;839.0;0.0;7/23/01 12:00 AM;A
474687;S66114;32.8;157.0;Create Fine;N;complete;831.0;0.0;7/23/01 12:00 AM;A
474720;S66127;32.8;157.0;Create Fine;A;complete;831.0;0.0;7/26/01 12:00 AM;A
474906;S66216;32.8;7.0;Create Fine;A;complete;816.0;0.0;7/22/01 12:00 AM;A
474989;S66249;65.6;158.0;Create Fine;N;complete;816.0;0.0;8/2/01 12:00 AM;A
475113;S66313;32.8;7.0;Create Fine;T;complete;836.0;0.0;7/23/01 12:00 AM;A
475619;S66520;65.6;158.0;Create Fine;A;complete;829.0;0.0;8/2/01 12:00 AM;A
475693;S66559;32.8;7.0;Create Fine;D;complete;802.0;0.0;7/29/01 12:00 AM;A
476096;S66729;32.8;7.0;Create Fine;A;complete;838.0;0.0;8/5/01 12:00 AM;A
476503;S66899;32.8;7.0;Create Fine;A;complete;831.0;0.0;8/3/01 12:00 AM;A
476563;S66925;32.8;158.0;Create Fine;U;complete;821.0;0.0;8/10/01 12:00 AM;A
476575;S66936;32.8;7.0;Create Fine;A;complete;821.0;0.0;8/11/01 12:00 AM;A
476790;S67025;65.6;158.0;Create Fine;A;complete;834.0;0.0;8/17/01 12:00 AM;M
477783;S67447;32.8;7.0;Create Fine;I;complete;838.0;0.0;8/14/01 12:00 AM;A
478003;S67537;32.8;158.0;Create Fine;A;complete;839.0;0.0;8/4/01 12:00 AM;A
478097;S67578;65.6;158.0;Create Fine;A;complete;839.0;0.0;8/6/01 12:00 AM;A
478175;S67607;32.8;157.0;Create Fine;A;complete;831.0;0.0;8/4/01 12:00 AM;A
478329;S67666;32.8;158.0;Create Fine;T;complete;810.0;0.0;8/4/01 12:00 AM;A
478417;S67703;32.8;158.0;Create Fine;A;complete;836.0;0.0;7/30/01 12:00 AM;A
478626;S67795;32.8;158.0;Create Fine;A;complete;825.0;0.0;8/10/01 12:00 AM;A
478781;S67853;32.8;158.0;Create Fine;I;complete;828.0;0.0;8/14/01 12:00 AM;A
479039;S67966;65.6;158.0;Create Fine;A;complete;833.0;0.0;8/9/01 12:00 AM;A
479665;S68211;32.8;158.0;Create Fine;N;complete;824.0;0.0;8/25/01 12:00 AM;A
480699;S68677;32.8;158.0;Create Fine;A;complete;816.0;0.0;8/23/01 12:00 AM;A
480789;S68730;32.8;7.0;Create Fine;T;complete;821.0;0.0;8/19/01 12:00 AM;A
480949;S68820;32.8;7.0;Create Fine;N;complete;802.0;0.0;8/18/01 12:00 AM;A
481069;S68881;32.8;158.0;Create Fine;A;complete;833.0;0.0;8/30/01 12:00 AM;A
481516;S69112;32.8;7.0;Create Fine;N;complete;820.0;0.0;8/19/01 12:00 AM;A
482585;S69678;32.8;7.0;Create Fine;N;complete;831.0;0.0;9/8/01 12:00 AM;A
482676;S69719;32.8;43.0;Create Fine;A;complete;838.0;0.0;9/13/01 12:00 AM;A
482734;S69744;32.8;158.0;Create Fine;A;complete;838.0;0.0;10/15/01 12:00 AM;A
484857;S71075;32.0;158.0;Create Fine;N;complete;30.0;0.0;4/19/02 12:00 AM;A
486157;S71665;32.0;158.0;Create Fine;N;complete;819.0;0.0;5/20/02 12:00 AM;A
487403;S72248;32.0;158.0;Create Fine;N;complete;834.0;0.0;6/13/02 12:00 AM;A
487791;S72424;32.0;158.0;Create Fine;N;complete;821.0;0.0;5/23/02 12:00 AM;A
496149;S75899;32.0;7.0;Create Fine;C;complete;836.0;0.0;8/18/02 12:00 AM;A
497437;S76426;32.0;158.0;Create Fine;I;complete;824.0;0.0;7/14/02 12:00 AM;A
497884;S76618;32.0;7.0;Create Fine;C;complete;831.0;0.0;8/6/02 12:00 AM;A
497965;S76646;65.0;158.0;Create Fine;N;complete;831.0;0.0;8/12/02 12:00 AM;A
500613;S77917;65.0;158.0;Create Fine;C;complete;833.0;0.0;8/18/02 12:00 AM;A
502115;S79000;33.6;7.0;Create Fine;2;complete;29.0;0.0;6/15/03 12:00 AM;A
511056;S84370;33.6;7.0;Create Fine;D;complete;58.0;0.0;8/13/03 12:00 AM;A
520190;S91215;68.25;158.0;Create Fine;T;complete;41.0;2.0;1/25/04 12:00 AM;A
520866;S91947;68.25;158.0;Create Fine;T;complete;57.0;2.0;2/21/04 12:00 AM;A
521097;S92184;68.25;158.0;Create Fine;I;complete;840.0;2.0;2/21/04 12:00 AM;A
530208;S97670;343.35;180.0;Create Fine;I;complete;23.0;0.0;2/5/04 12:00 AM;A
538774;V12302;137.55;142.0;Create Fine;2;complete;11.0;0.0;6/11/03 12:00 AM;A
539570;V14753;137.55;142.0;Create Fine;4;complete;11.0;2.0;8/28/04 12:00 AM;M
539610;V15088;137.55;142.0;Create Fine;4;complete;53.0;2.0;12/3/04 12:00 AM;A
546144;V3893;125.19;142.0;Create Fine;A;complete;29.0;0.0;1/5/00 12:00 AM;A
546857;V4172;125.19;142.0;Create Fine;A;complete;29.0;0.0;1/25/00 12:00 AM;A
546941;V4216;125.19;142.0;Create Fine;E;complete;29.0;0.0;1/28/00 12:00 AM;A
546987;V4233;31.3;142.0;Create Fine;T;complete;29.0;0.0;1/28/00 12:00 AM;A
547449;V4393;125.19;142.0;Create Fine;T;complete;29.0;0.0;3/7/00 12:00 AM;A
547586;V4445;125.19;142.0;Create Fine;A;complete;31.0;0.0;3/17/00 12:00 AM;A
547619;V4460;125.19;142.0;Create Fine;T;complete;29.0;0.0;3/18/00 12:00 AM;A
547823;V4536;125.19;142.0;Create Fine;A;complete;31.0;0.0;4/5/00 12:00 AM;A
548186;V4668;125.19;142.0;Create Fine;A;complete;29.0;0.0;5/12/00 12:00 AM;A
548809;V4906;125.19;142.0;Create Fine;A;complete;29.0;0.0;6/1/00 12:00 AM;A
548954;V4959;31.3;142.0;Create Fine;D;complete;29.0;0.0;6/2/00 12:00 AM;A
549007;V4977;125.19;142.0;Create Fine;A;complete;36.0;0.0;6/2/00 12:00 AM;A
549355;V5104;125.19;142.0;Create Fine;T;complete;30.0;0.0;6/7/00 12:00 AM;A
549900;V5316;125.19;142.0;Create Fine;T;complete;29.0;0.0;6/14/00 12:00 AM;A
550780;V5637;125.19;142.0;Create Fine;T;complete;36.0;0.0;6/23/00 12:00 AM;A
550959;V5695;125.19;142.0;Create Fine;T;complete;32.0;0.0;7/4/00 12:00 AM;A
550991;V5708;31.3;142.0;Create Fine;T;complete;32.0;0.0;7/5/00 12:00 AM;A
551308;V5852;125.19;142.0;Create Fine;A;complete;35.0;0.0;7/10/00 12:00 AM;A
551471;V5915;125.19;142.0;Create Fine;T;complete;36.0;0.0;7/13/00 12:00 AM;A
551727;V6015;125.19;142.0;Create Fine;T;complete;29.0;0.0;7/19/00 12:00 AM;A
551934;V6096;125.19;142.0;Create Fine;R;complete;30.0;0.0;7/20/00 12:00 AM;A
551956;V6108;125.19;142.0;Create Fine;D;complete;30.0;0.0;7/21/00 12:00 AM;A
552371;V6281;125.19;142.0;Create Fine;T;complete;35.0;0.0;7/15/00 12:00 AM;A
552401;V6292;125.19;142.0;Create Fine;T;complete;27.0;0.0;7/1/00 12:00 AM;A
552590;V6368;125.19;142.0;Create Fine;A;complete;29.0;0.0;8/3/00 12:00 AM;A
552805;V6474;31.3;142.0;Create Fine;Z;complete;36.0;0.0;8/12/00 12:00 AM;A
553065;V6584;125.19;142.0;Create Fine;T;complete;31.0;0.0;8/29/00 12:00 AM;A
554178;V7060;131.2;142.0;Create Fine;T;complete;30.0;0.0;3/14/01 12:00 AM;A
554223;V7074;131.2;142.0;Create Fine;A;complete;30.0;0.0;3/15/01 12:00 AM;A
554239;V7079;131.2;142.0;Create Fine;E;complete;30.0;0.0;3/15/01 12:00 AM;A
554485;V7176;131.2;142.0;Create Fine;T;complete;30.0;0.0;4/10/01 12:00 AM;A
554566;V7213;131.2;142.0;Create Fine;T;complete;35.0;0.0;5/9/01 12:00 AM;A
554908;V7339;131.2;142.0;Create Fine;A;complete;30.0;0.0;6/12/01 12:00 AM;A
555075;V7400;131.2;142.0;Create Fine;A;complete;837.0;0.0;6/27/01 12:00 AM;A
555624;V7644;131.2;142.0;Create Fine;T;complete;30.0;0.0;7/25/01 12:00 AM;A
555875;V7759;131.2;142.0;Create Fine;T;complete;29.0;0.0;8/9/01 12:00 AM;A
556148;V7875;131.2;142.0;Create Fine;A;complete;28.0;0.0;8/21/01 12:00 AM;A
556451;V8000;131.2;142.0;Create Fine;T;complete;29.0;0.0;8/31/01 12:00 AM;A
556990;V8220;131.2;142.0;Create Fine;A;complete;30.0;0.0;9/29/01 12:00 AM;A
557807;V8556;32.8;142.0;Create Fine;E;complete;29.0;0.0;10/29/01 12:00 AM;A
