index;T:concept:name;E:concept:name;E:lifecycle:transition;E:time:timestamp
603;A10249;Notify Result Appeal to Offender;complete;1/25/08 12:00 AM
784;A10338;Notify Result Appeal to Offender;complete;10/31/07 12:00 AM
1430;A10619;Notify Result Appeal to Offender;complete;11/16/07 12:00 AM
1946;A10858;Notify Result Appeal to Offender;complete;6/24/08 12:00 AM
4529;A12027;Notify Result Appeal to Offender;complete;1/25/08 12:00 AM
5341;A12414;Notify Result Appeal to Offender;complete;12/21/07 12:00 AM
6865;A13217;Notify Result Appeal to Offender;complete;2/5/08 12:00 AM
6949;A1327;Notify Result Appeal to Offender;complete;7/10/07 12:00 AM
7691;A13617;Notify Result Appeal to Offender;complete;11/17/07 12:00 AM
8502;A13984;Notify Result Appeal to Offender;complete;9/16/08 12:00 AM
9909;A14652;Notify Result Appeal to Offender;complete;7/18/08 12:00 AM
10437;A14910;Notify Result Appeal to Offender;complete;11/8/07 12:00 AM
10685;A15045;Notify Result Appeal to Offender;complete;12/21/07 12:00 AM
10730;A15064;Notify Result Appeal to Offender;complete;3/1/08 12:00 AM
11042;A15202;Notify Result Appeal to Offender;complete;3/12/08 12:00 AM
11747;A155;Notify Result Appeal to Offender;complete;9/6/07 12:00 AM
12392;A1582;Notify Result Appeal to Offender;complete;4/11/07 12:00 AM
12467;A15866;Notify Result Appeal to Offender;complete;3/5/08 12:00 AM
12493;A15873;Notify Result Appeal to Offender;complete;6/16/08 12:00 AM
12772;A16006;Notify Result Appeal to Offender;complete;7/18/08 12:00 AM
13036;A16141;Notify Result Appeal to Offender;complete;9/17/08 12:00 AM
13072;A1615;Notify Result Appeal to Offender;complete;7/4/07 12:00 AM
13463;A16320;Notify Result Appeal to Offender;complete;3/6/08 12:00 AM
14346;A16773;Notify Result Appeal to Offender;complete;2/6/08 12:00 AM
15287;A17210;Notify Result Appeal to Offender;complete;6/12/08 12:00 AM
17467;A18290;Notify Result Appeal to Offender;complete;7/17/08 12:00 AM
18450;A18742;Notify Result Appeal to Offender;complete;7/17/08 12:00 AM
18757;A18881;Notify Result Appeal to Offender;complete;4/4/08 12:00 AM
18806;A189;Notify Result Appeal to Offender;complete;10/20/07 12:00 AM
19593;A19254;Notify Result Appeal to Offender;complete;4/24/08 12:00 AM
21482;A20157;Notify Result Appeal to Offender;complete;4/1/08 12:00 AM
23033;A20843;Notify Result Appeal to Offender;complete;1/25/08 12:00 AM
23150;A2090;Notify Result Appeal to Offender;complete;8/16/07 12:00 AM
25122;A21799;Notify Result Appeal to Offender;complete;6/16/08 12:00 AM
25182;A21826;Notify Result Appeal to Offender;complete;7/4/08 12:00 AM
25650;A22043;Notify Result Appeal to Offender;complete;9/26/08 12:00 AM
26153;A22337;Notify Result Appeal to Offender;complete;4/24/08 12:00 AM
28111;A23324;Notify Result Appeal to Offender;complete;7/11/08 12:00 AM
28490;A23552;Notify Result Appeal to Offender;complete;6/13/08 12:00 AM
28740;A23667;Notify Result Appeal to Offender;complete;4/24/08 12:00 AM
28878;A23740;Notify Result Appeal to Offender;complete;7/11/08 12:00 AM
29048;A23823;Notify Result Appeal to Offender;complete;7/12/08 12:00 AM
29326;A2396;Notify Result Appeal to Offender;complete;8/11/07 12:00 AM
30150;A24387;Notify Result Appeal to Offender;complete;9/18/08 12:00 AM
30308;A24454;Notify Result Appeal to Offender;complete;7/14/08 12:00 AM
30500;A24549;Notify Result Appeal to Offender;complete;10/14/08 12:00 AM
31519;A2512;Notify Result Appeal to Offender;complete;10/6/07 12:00 AM
32432;A25580;Notify Result Appeal to Offender;complete;5/14/08 12:00 AM
32880;A25778;Notify Result Appeal to Offender;complete;5/11/09 12:00 AM
34165;A26413;Notify Result Appeal to Offender;complete;12/16/08 12:00 AM
34180;A26417;Notify Result Appeal to Offender;complete;12/18/08 12:00 AM
34211;A26425;Notify Result Appeal to Offender;complete;12/16/08 12:00 AM
34437;A26532;Notify Result Appeal to Offender;complete;5/5/08 12:00 AM
34587;A26598;Notify Result Appeal to Offender;complete;6/27/08 12:00 AM
35232;A26902;Notify Result Appeal to Offender;complete;2/20/09 12:00 AM
35568;A27067;Notify Result Appeal to Offender;complete;5/5/08 12:00 AM
36104;A27320;Notify Result Appeal to Offender;complete;1/26/09 12:00 AM
36613;A27571;Notify Result Appeal to Offender;complete;12/16/08 12:00 AM
37123;A27823;Notify Result Appeal to Offender;complete;12/4/08 12:00 AM
37834;A28156;Notify Result Appeal to Offender;complete;10/25/08 12:00 AM
38908;A28691;Notify Result Appeal to Offender;complete;2/20/09 12:00 AM
40083;A29332;Notify Result Appeal to Offender;complete;3/6/09 12:00 AM
40391;A29455;Notify Result Appeal to Offender;complete;11/13/08 12:00 AM
42182;A30343;Notify Result Appeal to Offender;complete;5/9/09 12:00 AM
43428;A31097;Notify Result Appeal to Offender;complete;2/19/09 12:00 AM
44915;A31837;Notify Result Appeal to Offender;complete;12/4/08 12:00 AM
45538;A32162;Notify Result Appeal to Offender;complete;2/7/09 12:00 AM
45607;A32200;Notify Result Appeal to Offender;complete;12/4/08 12:00 AM
45650;A32224;Notify Result Appeal to Offender;complete;2/13/09 12:00 AM
45708;A32242;Notify Result Appeal to Offender;complete;3/13/09 12:00 AM
45909;A32338;Notify Result Appeal to Offender;complete;5/9/09 12:00 AM
45989;A32381;Notify Result Appeal to Offender;complete;5/9/09 12:00 AM
46293;A32535;Notify Result Appeal to Offender;complete;5/7/09 12:00 AM
46783;A32727;Notify Result Appeal to Offender;complete;2/7/09 12:00 AM
48346;A3350;Notify Result Appeal to Offender;complete;8/11/07 12:00 AM
48460;A33567;Notify Result Appeal to Offender;complete;2/12/09 12:00 AM
48815;A33741;Notify Result Appeal to Offender;complete;3/4/09 12:00 AM
49654;A34112;Notify Result Appeal to Offender;complete;5/6/09 12:00 AM
49771;A34160;Notify Result Appeal to Offender;complete;11/7/09 12:00 AM
51985;A35306;Notify Result Appeal to Offender;complete;6/3/09 12:00 AM
53330;A35999;Notify Result Appeal to Offender;complete;6/20/09 12:00 AM
53544;A36129;Notify Result Appeal to Offender;complete;5/6/09 12:00 AM
53616;A36164;Notify Result Appeal to Offender;complete;5/5/09 12:00 AM
54876;A36913;Notify Result Appeal to Offender;complete;12/9/09 12:00 AM
55091;A37014;Notify Result Appeal to Offender;complete;5/23/09 12:00 AM
55618;A373;Notify Result Appeal to Offender;complete;7/4/07 12:00 AM
55704;A37341;Notify Result Appeal to Offender;complete;6/16/09 12:00 AM
56909;A38093;Notify Result Appeal to Offender;complete;12/7/09 12:00 AM
62381;A41175;Notify Result Appeal to Offender;complete;1/9/10 12:00 AM
62710;A41329;Notify Result Appeal to Offender;complete;1/20/10 12:00 AM
64610;A42360;Notify Result Appeal to Offender;complete;2/24/10 12:00 AM
66249;A43197;Notify Result Appeal to Offender;complete;1/20/10 12:00 AM
66293;A43211;Notify Result Appeal to Offender;complete;3/20/10 12:00 AM
66491;A43302;Notify Result Appeal to Offender;complete;3/16/10 12:00 AM
66690;A434;Notify Result Appeal to Offender;complete;5/12/07 12:00 AM
66761;A43434;Notify Result Appeal to Offender;complete;12/14/09 12:00 AM
69009;A44560;Notify Result Appeal to Offender;complete;10/11/10 12:00 AM
69785;A44928;Notify Result Appeal to Offender;complete;10/2/10 12:00 AM
70183;A45118;Notify Result Appeal to Offender;complete;11/9/10 12:00 AM
70675;A45407;Notify Result Appeal to Offender;complete;11/9/10 12:00 AM
72749;A527;Notify Result Appeal to Offender;complete;7/4/07 12:00 AM
73602;A5921;Notify Result Appeal to Offender;complete;8/24/07 12:00 AM
76045;A7107;Notify Result Appeal to Offender;complete;8/14/07 12:00 AM
77726;A832;Notify Result Appeal to Offender;complete;9/4/07 12:00 AM
77996;A8472;Notify Result Appeal to Offender;complete;10/4/07 12:00 AM
78275;A8677;Notify Result Appeal to Offender;complete;3/19/08 12:00 AM
78322;A8704;Notify Result Appeal to Offender;complete;11/7/07 12:00 AM
78375;A8733;Notify Result Appeal to Offender;complete;10/6/07 12:00 AM
78464;A8866;Notify Result Appeal to Offender;complete;11/16/07 12:00 AM
78518;A8887;Notify Result Appeal to Offender;complete;11/19/07 12:00 AM
78614;A8980;Notify Result Appeal to Offender;complete;9/16/08 12:00 AM
78791;A9077;Notify Result Appeal to Offender;complete;3/19/08 12:00 AM
79578;A9462;Notify Result Appeal to Offender;complete;11/16/07 12:00 AM
81230;C10981;Notify Result Appeal to Offender;complete;7/6/00 12:00 AM
82374;C12027;Notify Result Appeal to Offender;complete;12/2/00 12:00 AM
82831;C12357;Notify Result Appeal to Offender;complete;11/24/00 12:00 AM
83846;C13063;Notify Result Appeal to Offender;complete;4/22/02 12:00 AM
86390;C14426;Notify Result Appeal to Offender;complete;6/26/02 12:00 AM
86541;C14494;Notify Result Appeal to Offender;complete;3/29/03 12:00 AM
87690;C15107;Notify Result Appeal to Offender;complete;9/5/03 12:00 AM
89382;C16367;Notify Result Appeal to Offender;complete;2/9/06 12:00 AM
90081;C16950;Notify Result Appeal to Offender;complete;2/20/04 12:00 AM
90944;C17552;Notify Result Appeal to Offender;complete;12/16/05 12:00 AM
91204;C17735;Notify Result Appeal to Offender;complete;5/15/07 12:00 AM
92347;C18351;Notify Result Appeal to Offender;complete;3/29/06 12:00 AM
92670;C18515;Notify Result Appeal to Offender;complete;3/15/07 12:00 AM
92766;C18557;Notify Result Appeal to Offender;complete;10/12/06 12:00 AM
93073;C18710;Notify Result Appeal to Offender;complete;11/25/06 12:00 AM
93082;C18711;Notify Result Appeal to Offender;complete;11/25/06 12:00 AM
93716;C19060;Notify Result Appeal to Offender;complete;6/11/11 12:00 AM
93723;C19061;Notify Result Appeal to Offender;complete;4/5/11 12:00 AM
94903;C19668;Notify Result Appeal to Offender;complete;11/25/08 12:00 AM
95439;C19980;Notify Result Appeal to Offender;complete;11/12/08 12:00 AM
97008;C20931;Notify Result Appeal to Offender;complete;11/3/11 12:00 AM
97816;C21363;Notify Result Appeal to Offender;complete;6/24/10 12:00 AM
98505;C21670;Notify Result Appeal to Offender;complete;11/23/10 12:00 AM
98643;C21740;Notify Result Appeal to Offender;complete;4/19/11 12:00 AM
98833;C21850;Notify Result Appeal to Offender;complete;8/1/11 12:00 AM
98883;C21865;Notify Result Appeal to Offender;complete;1/25/11 12:00 AM
99468;C22209;Notify Result Appeal to Offender;complete;1/9/12 12:00 AM
99661;C22308;Notify Result Appeal to Offender;complete;5/17/12 12:00 AM
99957;C22479;Notify Result Appeal to Offender;complete;9/14/11 12:00 AM
100938;N100056;Notify Result Appeal to Offender;complete;4/19/07 12:00 AM
101219;N100184;Notify Result Appeal to Offender;complete;5/14/07 12:00 AM
101956;N100563;Notify Result Appeal to Offender;complete;4/19/07 12:00 AM
101991;N100576;Notify Result Appeal to Offender;complete;10/9/07 12:00 AM
102076;N100622;Notify Result Appeal to Offender;complete;7/6/07 12:00 AM
102089;N100627;Notify Result Appeal to Offender;complete;7/19/07 12:00 AM
102199;N100684;Notify Result Appeal to Offender;complete;4/26/07 12:00 AM
102551;N100867;Notify Result Appeal to Offender;complete;4/18/07 12:00 AM
102948;N101106;Notify Result Appeal to Offender;complete;5/12/07 12:00 AM
103214;N101220;Notify Result Appeal to Offender;complete;6/6/07 12:00 AM
103360;N101290;Notify Result Appeal to Offender;complete;7/17/07 12:00 AM
103435;N101313;Notify Result Appeal to Offender;complete;7/23/07 12:00 AM
103975;N101653;Notify Result Appeal to Offender;complete;7/2/07 12:00 AM
104283;N101886;Notify Result Appeal to Offender;complete;9/16/07 12:00 AM
104667;N102144;Notify Result Appeal to Offender;complete;9/21/07 12:00 AM
105204;N102385;Notify Result Appeal to Offender;complete;5/17/07 12:00 AM
105498;N102524;Notify Result Appeal to Offender;complete;7/20/07 12:00 AM
106146;N102850;Notify Result Appeal to Offender;complete;10/6/07 12:00 AM
106155;N102852;Notify Result Appeal to Offender;complete;7/21/07 12:00 AM
107299;N21196;Notify Result Appeal to Offender;complete;4/26/00 12:00 AM
107605;N21305;Notify Result Appeal to Offender;complete;12/4/00 12:00 AM
107980;N21445;Notify Result Appeal to Offender;complete;9/21/00 12:00 AM
108303;N21892;Notify Result Appeal to Offender;complete;4/23/00 12:00 AM
110513;N22767;Notify Result Appeal to Offender;complete;9/21/00 12:00 AM
111359;N23052;Notify Result Appeal to Offender;complete;7/6/00 12:00 AM
113151;N23661;Notify Result Appeal to Offender;complete;9/21/00 12:00 AM
113478;N23793;Notify Result Appeal to Offender;complete;9/21/00 12:00 AM
114015;N24007;Notify Result Appeal to Offender;complete;7/6/00 12:00 AM
114090;N24046;Notify Result Appeal to Offender;complete;11/23/00 12:00 AM
114155;N24074;Notify Result Appeal to Offender;complete;12/1/00 12:00 AM
114379;N24163;Notify Result Appeal to Offender;complete;11/23/00 12:00 AM
115252;N24443;Notify Result Appeal to Offender;complete;9/27/00 12:00 AM
115551;N24544;Notify Result Appeal to Offender;complete;11/24/00 12:00 AM
115621;N24572;Notify Result Appeal to Offender;complete;12/9/00 12:00 AM
118689;N25594;Notify Result Appeal to Offender;complete;11/24/00 12:00 AM
143534;N34672;Notify Result Appeal to Offender;complete;1/21/02 12:00 AM
144559;N35111;Notify Result Appeal to Offender;complete;1/23/02 12:00 AM
145089;N35364;Notify Result Appeal to Offender;complete;9/7/02 12:00 AM
145743;N35655;Notify Result Appeal to Offender;complete;4/24/02 12:00 AM
146070;N35780;Notify Result Appeal to Offender;complete;7/2/02 12:00 AM
146356;N35881;Notify Result Appeal to Offender;complete;4/30/02 12:00 AM
146572;N35956;Notify Result Appeal to Offender;complete;6/27/02 12:00 AM
147214;N36227;Notify Result Appeal to Offender;complete;10/25/02 12:00 AM
148708;N36911;Notify Result Appeal to Offender;complete;9/7/02 12:00 AM
150734;N37813;Notify Result Appeal to Offender;complete;9/6/02 12:00 AM
151387;N38083;Notify Result Appeal to Offender;complete;9/6/02 12:00 AM
152651;N38587;Notify Result Appeal to Offender;complete;9/10/02 12:00 AM
153970;N39144;Notify Result Appeal to Offender;complete;10/24/02 12:00 AM
156974;N40397;Notify Result Appeal to Offender;complete;7/2/04 12:00 AM
157233;N40518;Notify Result Appeal to Offender;complete;11/20/02 12:00 AM
158141;N40847;Notify Result Appeal to Offender;complete;6/23/03 12:00 AM
158702;N41192;Notify Result Appeal to Offender;complete;7/23/03 12:00 AM
158834;N41256;Notify Result Appeal to Offender;complete;10/24/02 12:00 AM
159478;N41527;Notify Result Appeal to Offender;complete;10/25/02 12:00 AM
159653;N41601;Notify Result Appeal to Offender;complete;10/25/02 12:00 AM
160434;N41914;Notify Result Appeal to Offender;complete;3/6/03 12:00 AM
160851;N42068;Notify Result Appeal to Offender;complete;3/6/03 12:00 AM
161129;N42170;Notify Result Appeal to Offender;complete;4/3/03 12:00 AM
162274;N42602;Notify Result Appeal to Offender;complete;3/12/03 12:00 AM
162844;N42812;Notify Result Appeal to Offender;complete;3/6/03 12:00 AM
162896;N42828;Notify Result Appeal to Offender;complete;3/8/03 12:00 AM
163714;N43100;Notify Result Appeal to Offender;complete;6/23/03 12:00 AM
163803;N43129;Notify Result Appeal to Offender;complete;4/1/03 12:00 AM
163821;N43132;Notify Result Appeal to Offender;complete;3/20/03 12:00 AM
164042;N43226;Notify Result Appeal to Offender;complete;4/23/03 12:00 AM
164814;N43492;Notify Result Appeal to Offender;complete;9/8/03 12:00 AM
165288;N43645;Notify Result Appeal to Offender;complete;3/12/03 12:00 AM
165631;N43787;Notify Result Appeal to Offender;complete;3/7/03 12:00 AM
165909;N43871;Notify Result Appeal to Offender;complete;4/2/03 12:00 AM
165930;N43876;Notify Result Appeal to Offender;complete;4/3/03 12:00 AM
166228;N44015;Notify Result Appeal to Offender;complete;4/24/03 12:00 AM
166237;N44017;Notify Result Appeal to Offender;complete;3/12/03 12:00 AM
166539;N44108;Notify Result Appeal to Offender;complete;3/20/03 12:00 AM
166563;N44117;Notify Result Appeal to Offender;complete;6/18/03 12:00 AM
166928;N44227;Notify Result Appeal to Offender;complete;6/23/03 12:00 AM
167346;N44408;Notify Result Appeal to Offender;complete;4/3/03 12:00 AM
167747;N44541;Notify Result Appeal to Offender;complete;4/3/03 12:00 AM
168986;N45169;Notify Result Appeal to Offender;complete;9/9/03 12:00 AM
169162;N45240;Notify Result Appeal to Offender;complete;6/23/03 12:00 AM
169274;N45295;Notify Result Appeal to Offender;complete;4/28/03 12:00 AM
169437;N45352;Notify Result Appeal to Offender;complete;9/8/03 12:00 AM
170161;N45627;Notify Result Appeal to Offender;complete;6/24/03 12:00 AM
170315;N45680;Notify Result Appeal to Offender;complete;6/14/03 12:00 AM
170392;N45711;Notify Result Appeal to Offender;complete;10/21/03 12:00 AM
170553;N45779;Notify Result Appeal to Offender;complete;6/21/03 12:00 AM
171174;N46032;Notify Result Appeal to Offender;complete;9/8/03 12:00 AM
171280;N46069;Notify Result Appeal to Offender;complete;6/23/03 12:00 AM
171340;N46088;Notify Result Appeal to Offender;complete;10/10/03 12:00 AM
171590;N46226;Notify Result Appeal to Offender;complete;11/4/03 12:00 AM
173699;N47248;Notify Result Appeal to Offender;complete;9/8/03 12:00 AM
173962;N47342;Notify Result Appeal to Offender;complete;3/19/04 12:00 AM
175048;N47801;Notify Result Appeal to Offender;complete;10/10/03 12:00 AM
180049;N49905;Notify Result Appeal to Offender;complete;7/13/04 12:00 AM
180727;N50264;Notify Result Appeal to Offender;complete;6/5/04 12:00 AM
181123;N50510;Notify Result Appeal to Offender;complete;4/19/04 12:00 AM
181490;N50677;Notify Result Appeal to Offender;complete;4/16/04 12:00 AM
181499;N50683;Notify Result Appeal to Offender;complete;6/7/04 12:00 AM
181763;N51006;Notify Result Appeal to Offender;complete;6/7/04 12:00 AM
183252;N52764;Notify Result Appeal to Offender;complete;6/8/05 12:00 AM
183554;N52887;Notify Result Appeal to Offender;complete;3/17/05 12:00 AM
183704;N52945;Notify Result Appeal to Offender;complete;1/15/05 12:00 AM
184204;N53141;Notify Result Appeal to Offender;complete;2/26/05 12:00 AM
185038;N53526;Notify Result Appeal to Offender;complete;1/22/05 12:00 AM
185551;N53886;Notify Result Appeal to Offender;complete;5/20/05 12:00 AM
185600;N53905;Notify Result Appeal to Offender;complete;3/22/05 12:00 AM
186531;N55182;Notify Result Appeal to Offender;complete;3/18/05 12:00 AM
186555;N55192;Notify Result Appeal to Offender;complete;5/10/05 12:00 AM
187605;N56034;Notify Result Appeal to Offender;complete;4/2/05 12:00 AM
187685;N56091;Notify Result Appeal to Offender;complete;3/16/05 12:00 AM
188090;N56245;Notify Result Appeal to Offender;complete;4/18/05 12:00 AM
188129;N56255;Notify Result Appeal to Offender;complete;5/20/05 12:00 AM
188284;N56304;Notify Result Appeal to Offender;complete;3/18/05 12:00 AM
188911;N56621;Notify Result Appeal to Offender;complete;5/12/05 12:00 AM
189389;N56805;Notify Result Appeal to Offender;complete;9/6/05 12:00 AM
189464;N56834;Notify Result Appeal to Offender;complete;5/7/05 12:00 AM
189560;N56882;Notify Result Appeal to Offender;complete;9/10/05 12:00 AM
189639;N56915;Notify Result Appeal to Offender;complete;5/6/05 12:00 AM
189847;N57002;Notify Result Appeal to Offender;complete;9/10/05 12:00 AM
190256;N57230;Notify Result Appeal to Offender;complete;10/21/05 12:00 AM
190641;N57383;Notify Result Appeal to Offender;complete;5/9/05 12:00 AM
190703;N57403;Notify Result Appeal to Offender;complete;7/6/05 12:00 AM
191178;N57598;Notify Result Appeal to Offender;complete;4/19/05 12:00 AM
191652;N57760;Notify Result Appeal to Offender;complete;5/6/05 12:00 AM
192608;N58131;Notify Result Appeal to Offender;complete;3/24/05 12:00 AM
192631;N58140;Notify Result Appeal to Offender;complete;6/30/05 12:00 AM
193419;N58515;Notify Result Appeal to Offender;complete;7/6/05 12:00 AM
193768;N58662;Notify Result Appeal to Offender;complete;5/20/05 12:00 AM
195806;N59523;Notify Result Appeal to Offender;complete;7/7/05 12:00 AM
196402;N59763;Notify Result Appeal to Offender;complete;7/6/05 12:00 AM
197255;N60205;Notify Result Appeal to Offender;complete;6/30/05 12:00 AM
197323;N60247;Notify Result Appeal to Offender;complete;11/30/05 12:00 AM
197448;N60309;Notify Result Appeal to Offender;complete;9/12/05 12:00 AM
197626;N60368;Notify Result Appeal to Offender;complete;9/7/05 12:00 AM
198045;N60514;Notify Result Appeal to Offender;complete;7/7/05 12:00 AM
198290;N60609;Notify Result Appeal to Offender;complete;5/20/05 12:00 AM
198450;N60673;Notify Result Appeal to Offender;complete;9/13/05 12:00 AM
198461;N60677;Notify Result Appeal to Offender;complete;5/6/05 12:00 AM
198950;N60867;Notify Result Appeal to Offender;complete;9/10/05 12:00 AM
199179;N60977;Notify Result Appeal to Offender;complete;5/20/05 12:00 AM
199328;N61028;Notify Result Appeal to Offender;complete;5/9/05 12:00 AM
199901;N61279;Notify Result Appeal to Offender;complete;5/6/05 12:00 AM
199978;N61319;Notify Result Appeal to Offender;complete;6/14/05 12:00 AM
200126;N61376;Notify Result Appeal to Offender;complete;9/10/05 12:00 AM
200295;N61437;Notify Result Appeal to Offender;complete;5/24/05 12:00 AM
201339;N61884;Notify Result Appeal to Offender;complete;10/24/05 12:00 AM
201618;N62001;Notify Result Appeal to Offender;complete;5/24/05 12:00 AM
202658;N62389;Notify Result Appeal to Offender;complete;7/20/05 12:00 AM
203699;N62809;Notify Result Appeal to Offender;complete;5/23/05 12:00 AM
204240;N63049;Notify Result Appeal to Offender;complete;7/19/05 12:00 AM
205683;N63705;Notify Result Appeal to Offender;complete;4/19/05 12:00 AM
208680;N65786;Notify Result Appeal to Offender;complete;9/5/05 12:00 AM
210559;N66715;Notify Result Appeal to Offender;complete;10/20/05 12:00 AM
211347;N67034;Notify Result Appeal to Offender;complete;9/7/05 12:00 AM
212047;N67303;Notify Result Appeal to Offender;complete;10/24/05 12:00 AM
212435;N67607;Notify Result Appeal to Offender;complete;10/25/05 12:00 AM
212722;N67790;Notify Result Appeal to Offender;complete;10/22/05 12:00 AM
213212;N68185;Notify Result Appeal to Offender;complete;10/20/05 12:00 AM
213652;N68456;Notify Result Appeal to Offender;complete;10/22/05 12:00 AM
216097;N69972;Notify Result Appeal to Offender;complete;10/20/05 12:00 AM
216764;N70414;Notify Result Appeal to Offender;complete;12/17/05 12:00 AM
216847;N70498;Notify Result Appeal to Offender;complete;12/17/05 12:00 AM
216929;N70523;Notify Result Appeal to Offender;complete;12/22/05 12:00 AM
217116;N70629;Notify Result Appeal to Offender;complete;2/13/06 12:00 AM
218372;N71205;Notify Result Appeal to Offender;complete;2/13/06 12:00 AM
219185;N71694;Notify Result Appeal to Offender;complete;2/14/07 12:00 AM
219425;N71771;Notify Result Appeal to Offender;complete;4/5/06 12:00 AM
219713;N71893;Notify Result Appeal to Offender;complete;7/11/06 12:00 AM
220463;N72326;Notify Result Appeal to Offender;complete;2/9/06 12:00 AM
222182;N73244;Notify Result Appeal to Offender;complete;3/31/06 12:00 AM
224687;N74611;Notify Result Appeal to Offender;complete;7/4/06 12:00 AM
225082;N74775;Notify Result Appeal to Offender;complete;3/31/06 12:00 AM
225520;N75057;Notify Result Appeal to Offender;complete;3/30/06 12:00 AM
228025;N77137;Notify Result Appeal to Offender;complete;3/31/06 12:00 AM
228574;N77357;Notify Result Appeal to Offender;complete;6/30/06 12:00 AM
228583;N77358;Notify Result Appeal to Offender;complete;7/11/06 12:00 AM
229534;N77806;Notify Result Appeal to Offender;complete;2/9/06 12:00 AM
230163;N78094;Notify Result Appeal to Offender;complete;2/18/06 12:00 AM
230785;N78442;Notify Result Appeal to Offender;complete;7/7/06 12:00 AM
231226;N78749;Notify Result Appeal to Offender;complete;3/29/06 12:00 AM
231267;N78768;Notify Result Appeal to Offender;complete;3/29/06 12:00 AM
231302;N78790;Notify Result Appeal to Offender;complete;3/29/06 12:00 AM
231440;N78887;Notify Result Appeal to Offender;complete;7/1/06 12:00 AM
232097;N79221;Notify Result Appeal to Offender;complete;3/29/06 12:00 AM
232177;N79255;Notify Result Appeal to Offender;complete;3/31/06 12:00 AM
232834;N79665;Notify Result Appeal to Offender;complete;7/1/06 12:00 AM
232858;N79670;Notify Result Appeal to Offender;complete;7/1/06 12:00 AM
234752;N81094;Notify Result Appeal to Offender;complete;6/30/06 12:00 AM
235027;N81214;Notify Result Appeal to Offender;complete;7/28/06 12:00 AM
235114;N81255;Notify Result Appeal to Offender;complete;3/30/06 12:00 AM
235164;N81275;Notify Result Appeal to Offender;complete;6/30/06 12:00 AM
235516;N81473;Notify Result Appeal to Offender;complete;7/1/06 12:00 AM
235593;N81502;Notify Result Appeal to Offender;complete;7/1/06 12:00 AM
236297;N81808;Notify Result Appeal to Offender;complete;7/1/06 12:00 AM
237006;N82103;Notify Result Appeal to Offender;complete;7/8/06 12:00 AM
237078;N82144;Notify Result Appeal to Offender;complete;6/30/06 12:00 AM
237755;N82449;Notify Result Appeal to Offender;complete;3/31/06 12:00 AM
238058;N82591;Notify Result Appeal to Offender;complete;7/1/06 12:00 AM
238693;N82875;Notify Result Appeal to Offender;complete;7/7/06 12:00 AM
239085;N83048;Notify Result Appeal to Offender;complete;7/1/06 12:00 AM
239431;N83214;Notify Result Appeal to Offender;complete;7/11/06 12:00 AM
241301;N84090;Notify Result Appeal to Offender;complete;10/25/06 12:00 AM
242634;N84787;Notify Result Appeal to Offender;complete;7/14/06 12:00 AM
245285;N86009;Notify Result Appeal to Offender;complete;7/3/06 12:00 AM
245461;N86100;Notify Result Appeal to Offender;complete;7/31/06 12:00 AM
246577;N86607;Notify Result Appeal to Offender;complete;8/26/06 12:00 AM
246671;N86663;Notify Result Appeal to Offender;complete;7/28/06 12:00 AM
247197;N86941;Notify Result Appeal to Offender;complete;7/19/06 12:00 AM
247528;N87114;Notify Result Appeal to Offender;complete;10/4/06 12:00 AM
249587;N88123;Notify Result Appeal to Offender;complete;7/13/06 12:00 AM
251119;N88920;Notify Result Appeal to Offender;complete;10/6/06 12:00 AM
251616;N89156;Notify Result Appeal to Offender;complete;8/10/06 12:00 AM
251647;N89169;Notify Result Appeal to Offender;complete;9/27/06 12:00 AM
254921;N91819;Notify Result Appeal to Offender;complete;5/31/07 12:00 AM
256711;N92914;Notify Result Appeal to Offender;complete;11/28/06 12:00 AM
257640;N93643;Notify Result Appeal to Offender;complete;11/2/06 12:00 AM
258614;N94215;Notify Result Appeal to Offender;complete;11/24/06 12:00 AM
258932;N94364;Notify Result Appeal to Offender;complete;2/21/07 12:00 AM
259177;N94472;Notify Result Appeal to Offender;complete;2/22/07 12:00 AM
259480;N94606;Notify Result Appeal to Offender;complete;11/29/06 12:00 AM
260312;N94998;Notify Result Appeal to Offender;complete;11/22/06 12:00 AM
260655;N95123;Notify Result Appeal to Offender;complete;3/16/07 12:00 AM
261608;N95560;Notify Result Appeal to Offender;complete;10/27/06 12:00 AM
262110;N95813;Notify Result Appeal to Offender;complete;2/22/07 12:00 AM
262125;N95819;Notify Result Appeal to Offender;complete;4/13/07 12:00 AM
262949;N96209;Notify Result Appeal to Offender;complete;2/20/07 12:00 AM
263075;N96265;Notify Result Appeal to Offender;complete;2/14/07 12:00 AM
263376;N96404;Notify Result Appeal to Offender;complete;2/23/07 12:00 AM
264989;N97190;Notify Result Appeal to Offender;complete;4/20/07 12:00 AM
265135;N97252;Notify Result Appeal to Offender;complete;3/15/07 12:00 AM
266355;N97833;Notify Result Appeal to Offender;complete;7/25/07 12:00 AM
268080;N98614;Notify Result Appeal to Offender;complete;4/20/07 12:00 AM
268334;N98723;Notify Result Appeal to Offender;complete;5/18/07 12:00 AM
268360;N98730;Notify Result Appeal to Offender;complete;3/19/07 12:00 AM
268429;N98750;Notify Result Appeal to Offender;complete;6/25/07 12:00 AM
268831;N98923;Notify Result Appeal to Offender;complete;6/28/07 12:00 AM
268964;N98979;Notify Result Appeal to Offender;complete;3/21/07 12:00 AM
269076;N99038;Notify Result Appeal to Offender;complete;3/16/07 12:00 AM
269329;N99145;Notify Result Appeal to Offender;complete;3/21/07 12:00 AM
270355;N99647;Notify Result Appeal to Offender;complete;10/9/07 12:00 AM
270929;N99929;Notify Result Appeal to Offender;complete;3/9/07 12:00 AM
271006;N99957;Notify Result Appeal to Offender;complete;3/6/07 12:00 AM
272217;P1490;Notify Result Appeal to Offender;complete;2/23/12 12:00 AM
272269;P1505;Notify Result Appeal to Offender;complete;4/16/12 12:00 AM
272928;P1762;Notify Result Appeal to Offender;complete;4/17/12 12:00 AM
272951;P1769;Notify Result Appeal to Offender;complete;4/16/12 12:00 AM
273277;P1978;Notify Result Appeal to Offender;complete;3/4/13 12:00 AM
275019;P2779;Notify Result Appeal to Offender;complete;5/21/12 12:00 AM
276081;P3316;Notify Result Appeal to Offender;complete;5/15/13 12:00 AM
277644;P4546;Notify Result Appeal to Offender;complete;4/2/13 12:00 AM
278094;P5092;Notify Result Appeal to Offender;complete;5/15/13 12:00 AM
278702;P568;Notify Result Appeal to Offender;complete;2/22/12 12:00 AM
279830;P809;Notify Result Appeal to Offender;complete;5/8/12 12:00 AM
282615;S101858;Notify Result Appeal to Offender;complete;2/9/06 12:00 AM
283440;S102549;Notify Result Appeal to Offender;complete;7/8/06 12:00 AM
284429;S103711;Notify Result Appeal to Offender;complete;4/1/06 12:00 AM
286540;S105159;Notify Result Appeal to Offender;complete;3/30/06 12:00 AM
286626;S105196;Notify Result Appeal to Offender;complete;3/31/06 12:00 AM
287774;S105816;Notify Result Appeal to Offender;complete;7/1/06 12:00 AM
288464;S106226;Notify Result Appeal to Offender;complete;7/6/06 12:00 AM
288768;S106378;Notify Result Appeal to Offender;complete;7/6/06 12:00 AM
288920;S106503;Notify Result Appeal to Offender;complete;5/14/07 12:00 AM
288958;S106514;Notify Result Appeal to Offender;complete;8/13/07 12:00 AM
289020;S106562;Notify Result Appeal to Offender;complete;6/30/06 12:00 AM
291828;S108166;Notify Result Appeal to Offender;complete;7/8/06 12:00 AM
291962;S108264;Notify Result Appeal to Offender;complete;7/10/06 12:00 AM
292565;S108592;Notify Result Appeal to Offender;complete;7/3/07 12:00 AM
292581;S108599;Notify Result Appeal to Offender;complete;5/15/07 12:00 AM
293626;S109222;Notify Result Appeal to Offender;complete;10/13/06 12:00 AM
294002;S109515;Notify Result Appeal to Offender;complete;2/6/07 12:00 AM
294619;S109955;Notify Result Appeal to Offender;complete;10/18/06 12:00 AM
295484;S110740;Notify Result Appeal to Offender;complete;11/28/06 12:00 AM
295757;S110874;Notify Result Appeal to Offender;complete;4/18/07 12:00 AM
295778;S110886;Notify Result Appeal to Offender;complete;5/15/07 12:00 AM
295978;S110987;Notify Result Appeal to Offender;complete;5/12/07 12:00 AM
296442;S111240;Notify Result Appeal to Offender;complete;4/5/07 12:00 AM
296868;S111463;Notify Result Appeal to Offender;complete;7/20/07 12:00 AM
297156;S111662;Notify Result Appeal to Offender;complete;2/23/07 12:00 AM
297209;S111699;Notify Result Appeal to Offender;complete;4/19/07 12:00 AM
297400;S111806;Notify Result Appeal to Offender;complete;2/14/07 12:00 AM
297928;S112091;Notify Result Appeal to Offender;complete;10/18/07 12:00 AM
298019;S112135;Notify Result Appeal to Offender;complete;6/18/07 12:00 AM
298244;S112303;Notify Result Appeal to Offender;complete;5/14/07 12:00 AM
298291;S112318;Notify Result Appeal to Offender;complete;4/5/07 12:00 AM
298552;S112474;Notify Result Appeal to Offender;complete;5/31/07 12:00 AM
298580;S112486;Notify Result Appeal to Offender;complete;11/27/07 12:00 AM
298916;S112679;Notify Result Appeal to Offender;complete;7/2/07 12:00 AM
299036;S112732;Notify Result Appeal to Offender;complete;3/20/07 12:00 AM
299293;S112876;Notify Result Appeal to Offender;complete;7/2/07 12:00 AM
299525;S112976;Notify Result Appeal to Offender;complete;5/12/07 12:00 AM
300964;S113862;Notify Result Appeal to Offender;complete;5/15/07 12:00 AM
301386;S114128;Notify Result Appeal to Offender;complete;4/16/07 12:00 AM
302027;S114508;Notify Result Appeal to Offender;complete;9/8/07 12:00 AM
302169;S114589;Notify Result Appeal to Offender;complete;10/14/07 12:00 AM
302404;S114719;Notify Result Appeal to Offender;complete;7/17/07 12:00 AM
302595;S114813;Notify Result Appeal to Offender;complete;4/12/07 12:00 AM
302803;S114917;Notify Result Appeal to Offender;complete;7/24/07 12:00 AM
302971;S115041;Notify Result Appeal to Offender;complete;6/15/07 12:00 AM
303022;S115066;Notify Result Appeal to Offender;complete;7/23/07 12:00 AM
303549;S115424;Notify Result Appeal to Offender;complete;6/30/07 12:00 AM
304350;S115930;Notify Result Appeal to Offender;complete;5/31/07 12:00 AM
304495;S115992;Notify Result Appeal to Offender;complete;8/11/07 12:00 AM
304939;S116262;Notify Result Appeal to Offender;complete;8/11/07 12:00 AM
305146;S116610;Notify Result Appeal to Offender;complete;9/3/07 12:00 AM
305491;S117098;Notify Result Appeal to Offender;complete;10/6/07 12:00 AM
305644;S117276;Notify Result Appeal to Offender;complete;11/23/07 12:00 AM
305798;S117397;Notify Result Appeal to Offender;complete;2/6/08 12:00 AM
305842;S117426;Notify Result Appeal to Offender;complete;9/22/07 12:00 AM
306061;S117574;Notify Result Appeal to Offender;complete;2/5/08 12:00 AM
306820;S118003;Notify Result Appeal to Offender;complete;9/22/07 12:00 AM
307268;S118269;Notify Result Appeal to Offender;complete;9/22/07 12:00 AM
308206;S119011;Notify Result Appeal to Offender;complete;3/6/08 12:00 AM
308507;S119181;Notify Result Appeal to Offender;complete;11/18/07 12:00 AM
308990;S119490;Notify Result Appeal to Offender;complete;12/15/07 12:00 AM
310237;S120199;Notify Result Appeal to Offender;complete;2/26/09 12:00 AM
310304;S120250;Notify Result Appeal to Offender;complete;3/12/08 12:00 AM
311275;S120795;Notify Result Appeal to Offender;complete;6/4/08 12:00 AM
311912;S121172;Notify Result Appeal to Offender;complete;5/31/08 12:00 AM
312348;S121403;Notify Result Appeal to Offender;complete;4/24/08 12:00 AM
314406;S122495;Notify Result Appeal to Offender;complete;6/4/08 12:00 AM
314624;S122630;Notify Result Appeal to Offender;complete;12/16/08 12:00 AM
315123;S122908;Notify Result Appeal to Offender;complete;6/4/08 12:00 AM
315259;S122975;Notify Result Appeal to Offender;complete;4/2/08 12:00 AM
317093;S124069;Notify Result Appeal to Offender;complete;12/6/08 12:00 AM
317466;S124255;Notify Result Appeal to Offender;complete;12/10/08 12:00 AM
318609;S124863;Notify Result Appeal to Offender;complete;3/6/09 12:00 AM
318839;S124964;Notify Result Appeal to Offender;complete;11/14/08 12:00 AM
319331;S125225;Notify Result Appeal to Offender;complete;11/14/08 12:00 AM
319475;S125323;Notify Result Appeal to Offender;complete;3/12/09 12:00 AM
320771;S126017;Notify Result Appeal to Offender;complete;3/16/09 12:00 AM
320888;S126072;Notify Result Appeal to Offender;complete;5/6/09 12:00 AM
321275;S126273;Notify Result Appeal to Offender;complete;3/2/09 12:00 AM
321361;S126311;Notify Result Appeal to Offender;complete;2/25/09 12:00 AM
321980;S126632;Notify Result Appeal to Offender;complete;1/28/09 12:00 AM
322250;S126745;Notify Result Appeal to Offender;complete;5/6/09 12:00 AM
322444;S126847;Notify Result Appeal to Offender;complete;3/30/09 12:00 AM
322744;S127033;Notify Result Appeal to Offender;complete;5/6/09 12:00 AM
324201;S127899;Notify Result Appeal to Offender;complete;12/17/09 12:00 AM
324543;S128062;Notify Result Appeal to Offender;complete;2/20/09 12:00 AM
324846;S128219;Notify Result Appeal to Offender;complete;5/8/09 12:00 AM
325260;S128428;Notify Result Appeal to Offender;complete;3/16/10 12:00 AM
328347;S130067;Notify Result Appeal to Offender;complete;5/12/09 12:00 AM
328436;S130130;Notify Result Appeal to Offender;complete;5/12/09 12:00 AM
330074;S131074;Notify Result Appeal to Offender;complete;1/8/10 12:00 AM
330777;S131429;Notify Result Appeal to Offender;complete;9/23/09 12:00 AM
330927;S131489;Notify Result Appeal to Offender;complete;7/24/09 12:00 AM
331226;S131717;Notify Result Appeal to Offender;complete;9/23/09 12:00 AM
335603;S134395;Notify Result Appeal to Offender;complete;12/22/09 12:00 AM
336884;S135068;Notify Result Appeal to Offender;complete;11/10/10 12:00 AM
338457;S135868;Notify Result Appeal to Offender;complete;1/8/10 12:00 AM
338722;S136029;Notify Result Appeal to Offender;complete;12/3/09 12:00 AM
339900;S136662;Notify Result Appeal to Offender;complete;11/6/09 12:00 AM
340199;S136823;Notify Result Appeal to Offender;complete;3/20/10 12:00 AM
340314;S136885;Notify Result Appeal to Offender;complete;3/20/10 12:00 AM
341274;S137407;Notify Result Appeal to Offender;complete;3/11/10 12:00 AM
341976;S137781;Notify Result Appeal to Offender;complete;2/3/10 12:00 AM
342049;S137801;Notify Result Appeal to Offender;complete;11/6/09 12:00 AM
342099;S137821;Notify Result Appeal to Offender;complete;3/16/10 12:00 AM
342751;S138146;Notify Result Appeal to Offender;complete;1/8/10 12:00 AM
344184;S138847;Notify Result Appeal to Offender;complete;3/20/10 12:00 AM
344963;S139212;Notify Result Appeal to Offender;complete;6/23/10 12:00 AM
347235;S140449;Notify Result Appeal to Offender;complete;6/23/10 12:00 AM
347478;S140553;Notify Result Appeal to Offender;complete;2/3/10 12:00 AM
349026;S141387;Notify Result Appeal to Offender;complete;2/21/11 12:00 AM
349662;S141719;Notify Result Appeal to Offender;complete;4/21/10 12:00 AM
350183;S141999;Notify Result Appeal to Offender;complete;3/2/10 12:00 AM
352314;S143148;Notify Result Appeal to Offender;complete;3/18/11 12:00 AM
352350;S143166;Notify Result Appeal to Offender;complete;9/22/10 12:00 AM
352452;S143222;Notify Result Appeal to Offender;complete;1/21/10 12:00 AM
352480;S143232;Notify Result Appeal to Offender;complete;6/24/10 12:00 AM
352559;S143259;Notify Result Appeal to Offender;complete;6/18/10 12:00 AM
353504;S143841;Notify Result Appeal to Offender;complete;7/16/10 12:00 AM
354869;S144527;Notify Result Appeal to Offender;complete;11/17/10 12:00 AM
355850;S145058;Notify Result Appeal to Offender;complete;9/22/11 12:00 AM
356773;S145559;Notify Result Appeal to Offender;complete;8/23/10 12:00 AM
357154;S145785;Notify Result Appeal to Offender;complete;5/12/10 12:00 AM
357199;S145804;Notify Result Appeal to Offender;complete;6/23/10 12:00 AM
357327;S145880;Notify Result Appeal to Offender;complete;6/23/10 12:00 AM
357660;S146047;Notify Result Appeal to Offender;complete;10/13/10 12:00 AM
357720;S146071;Notify Result Appeal to Offender;complete;9/6/10 12:00 AM
358355;S146434;Notify Result Appeal to Offender;complete;4/17/10 12:00 AM
361303;S148095;Notify Result Appeal to Offender;complete;4/13/11 12:00 AM
364701;S149903;Notify Result Appeal to Offender;complete;10/27/10 12:00 AM
369206;S152262;Notify Result Appeal to Offender;complete;2/11/11 12:00 AM
370414;S152848;Notify Result Appeal to Offender;complete;8/22/11 12:00 AM
370915;S153098;Notify Result Appeal to Offender;complete;11/11/10 12:00 AM
371540;S153410;Notify Result Appeal to Offender;complete;1/21/11 12:00 AM
371688;S153467;Notify Result Appeal to Offender;complete;3/4/11 12:00 AM
373350;S154214;Notify Result Appeal to Offender;complete;3/4/11 12:00 AM
373361;S154222;Notify Result Appeal to Offender;complete;3/3/11 12:00 AM
373827;S154460;Notify Result Appeal to Offender;complete;3/15/11 12:00 AM
374300;S154697;Notify Result Appeal to Offender;complete;3/14/11 12:00 AM
374490;S154803;Notify Result Appeal to Offender;complete;7/26/11 12:00 AM
374503;S154810;Notify Result Appeal to Offender;complete;2/23/11 12:00 AM
375134;S155130;Notify Result Appeal to Offender;complete;4/26/11 12:00 AM
375333;S155224;Notify Result Appeal to Offender;complete;2/7/11 12:00 AM
377076;S156072;Notify Result Appeal to Offender;complete;3/9/11 12:00 AM
379042;S157075;Notify Result Appeal to Offender;complete;8/1/11 12:00 AM
379110;S157107;Notify Result Appeal to Offender;complete;4/21/11 12:00 AM
379490;S157297;Notify Result Appeal to Offender;complete;4/8/11 12:00 AM
379947;S157544;Notify Result Appeal to Offender;complete;2/27/12 12:00 AM
380936;S158140;Notify Result Appeal to Offender;complete;9/29/11 12:00 AM
381867;S158671;Notify Result Appeal to Offender;complete;4/27/11 12:00 AM
383457;S159547;Notify Result Appeal to Offender;complete;8/3/11 12:00 AM
383505;S159563;Notify Result Appeal to Offender;complete;8/5/11 12:00 AM
384214;S159923;Notify Result Appeal to Offender;complete;5/9/11 12:00 AM
386550;S161122;Notify Result Appeal to Offender;complete;5/8/12 12:00 AM
387341;S161548;Notify Result Appeal to Offender;complete;9/22/11 12:00 AM
387932;S161865;Notify Result Appeal to Offender;complete;11/9/11 12:00 AM
388208;S162016;Notify Result Appeal to Offender;complete;5/17/11 12:00 AM
388967;S162426;Notify Result Appeal to Offender;complete;7/29/11 12:00 AM
389064;S162460;Notify Result Appeal to Offender;complete;11/21/11 12:00 AM
389164;S162504;Notify Result Appeal to Offender;complete;5/3/11 12:00 AM
390709;S163372;Notify Result Appeal to Offender;complete;11/25/11 12:00 AM
391920;S164068;Notify Result Appeal to Offender;complete;8/3/11 12:00 AM
393518;S165015;Notify Result Appeal to Offender;complete;1/20/12 12:00 AM
393597;S165058;Notify Result Appeal to Offender;complete;3/7/12 12:00 AM
393892;S165199;Notify Result Appeal to Offender;complete;2/18/12 12:00 AM
394122;S165320;Notify Result Appeal to Offender;complete;9/26/11 12:00 AM
394234;S165363;Notify Result Appeal to Offender;complete;9/26/11 12:00 AM
394796;S165670;Notify Result Appeal to Offender;complete;9/16/11 12:00 AM
396344;S166431;Notify Result Appeal to Offender;complete;2/1/12 12:00 AM
396524;S166521;Notify Result Appeal to Offender;complete;11/21/11 12:00 AM
396960;S166756;Notify Result Appeal to Offender;complete;2/23/12 12:00 AM
397094;S166806;Notify Result Appeal to Offender;complete;1/23/12 12:00 AM
398164;S167405;Notify Result Appeal to Offender;complete;1/20/12 12:00 AM
398285;S167474;Notify Result Appeal to Offender;complete;11/3/11 12:00 AM
398692;S167642;Notify Result Appeal to Offender;complete;5/10/12 12:00 AM
398812;S167695;Notify Result Appeal to Offender;complete;3/9/12 12:00 AM
399273;S167950;Notify Result Appeal to Offender;complete;3/6/12 12:00 AM
400528;S168593;Notify Result Appeal to Offender;complete;4/24/12 12:00 AM
401423;S169021;Notify Result Appeal to Offender;complete;5/10/12 12:00 AM
401920;S169273;Notify Result Appeal to Offender;complete;3/7/12 12:00 AM
401999;S169296;Notify Result Appeal to Offender;complete;2/24/12 12:00 AM
402944;S169749;Notify Result Appeal to Offender;complete;5/10/12 12:00 AM
403535;S170021;Notify Result Appeal to Offender;complete;2/18/12 12:00 AM
404035;S170249;Notify Result Appeal to Offender;complete;4/16/12 12:00 AM
404234;S170396;Notify Result Appeal to Offender;complete;3/28/12 12:00 AM
404561;S170542;Notify Result Appeal to Offender;complete;2/6/12 12:00 AM
405045;S170849;Notify Result Appeal to Offender;complete;2/17/12 12:00 AM
406091;S171398;Notify Result Appeal to Offender;complete;2/22/12 12:00 AM
406405;S171543;Notify Result Appeal to Offender;complete;4/4/12 12:00 AM
406430;S171550;Notify Result Appeal to Offender;complete;4/24/12 12:00 AM
406970;S171808;Notify Result Appeal to Offender;complete;5/21/12 12:00 AM
408012;S172353;Notify Result Appeal to Offender;complete;4/19/12 12:00 AM
408301;S172519;Notify Result Appeal to Offender;complete;3/30/12 12:00 AM
408649;S172677;Notify Result Appeal to Offender;complete;6/7/12 12:00 AM
408952;S172861;Notify Result Appeal to Offender;complete;2/28/12 12:00 AM
409378;S173066;Notify Result Appeal to Offender;complete;3/28/12 12:00 AM
412169;S174500;Notify Result Appeal to Offender;complete;5/3/12 12:00 AM
413239;S175124;Notify Result Appeal to Offender;complete;3/16/12 12:00 AM
413535;S175295;Notify Result Appeal to Offender;complete;5/21/12 12:00 AM
413850;S175475;Notify Result Appeal to Offender;complete;5/3/12 12:00 AM
414500;S175815;Notify Result Appeal to Offender;complete;4/2/12 12:00 AM
414631;S175873;Notify Result Appeal to Offender;complete;5/17/12 12:00 AM
415010;S176080;Notify Result Appeal to Offender;complete;11/26/12 12:00 AM
415130;S176180;Notify Result Appeal to Offender;complete;4/21/12 12:00 AM
415768;S176533;Notify Result Appeal to Offender;complete;8/1/12 12:00 AM
415790;S176553;Notify Result Appeal to Offender;complete;5/17/12 12:00 AM
416348;S177161;Notify Result Appeal to Offender;complete;5/30/12 12:00 AM
416832;S177486;Notify Result Appeal to Offender;complete;11/22/12 12:00 AM
417476;S177952;Notify Result Appeal to Offender;complete;5/23/12 12:00 AM
418271;S178522;Notify Result Appeal to Offender;complete;7/27/12 12:00 AM
418704;S179082;Notify Result Appeal to Offender;complete;11/7/12 12:00 AM
418896;S179304;Notify Result Appeal to Offender;complete;8/22/12 12:00 AM
419329;S180067;Notify Result Appeal to Offender;complete;10/8/12 12:00 AM
419448;S180197;Notify Result Appeal to Offender;complete;3/7/13 12:00 AM
419487;S180251;Notify Result Appeal to Offender;complete;10/8/12 12:00 AM
419507;S180259;Notify Result Appeal to Offender;complete;9/28/12 12:00 AM
419718;S180611;Notify Result Appeal to Offender;complete;3/7/13 12:00 AM
419739;S180627;Notify Result Appeal to Offender;complete;2/13/13 12:00 AM
420097;S181137;Notify Result Appeal to Offender;complete;11/20/12 12:00 AM
420949;S182272;Notify Result Appeal to Offender;complete;3/25/13 12:00 AM
421249;S182746;Notify Result Appeal to Offender;complete;11/22/12 12:00 AM
421448;S183042;Notify Result Appeal to Offender;complete;12/7/12 12:00 AM
422129;S184035;Notify Result Appeal to Offender;complete;2/19/13 12:00 AM
422291;S184273;Notify Result Appeal to Offender;complete;4/15/13 12:00 AM
422517;S184643;Notify Result Appeal to Offender;complete;4/17/13 12:00 AM
422531;S184665;Notify Result Appeal to Offender;complete;3/21/13 12:00 AM
422589;S184737;Notify Result Appeal to Offender;complete;4/24/13 12:00 AM
422967;S185375;Notify Result Appeal to Offender;complete;4/17/13 12:00 AM
423042;S185476;Notify Result Appeal to Offender;complete;5/15/13 12:00 AM
423243;S185779;Notify Result Appeal to Offender;complete;3/25/13 12:00 AM
424535;S187549;Notify Result Appeal to Offender;complete;5/16/13 12:00 AM
424700;S187820;Notify Result Appeal to Offender;complete;3/25/13 12:00 AM
425076;S188281;Notify Result Appeal to Offender;complete;5/10/13 12:00 AM
425302;S188608;Notify Result Appeal to Offender;complete;4/3/13 12:00 AM
425382;S188714;Notify Result Appeal to Offender;complete;5/15/13 12:00 AM
425404;S188739;Notify Result Appeal to Offender;complete;3/29/13 12:00 AM
425539;S188905;Notify Result Appeal to Offender;complete;3/28/13 12:00 AM
425557;S188928;Notify Result Appeal to Offender;complete;3/4/13 12:00 AM
425910;S189658;Notify Result Appeal to Offender;complete;5/9/13 12:00 AM
425947;S189721;Notify Result Appeal to Offender;complete;5/17/13 12:00 AM
426014;S189847;Notify Result Appeal to Offender;complete;4/3/13 12:00 AM
426438;S190532;Notify Result Appeal to Offender;complete;5/15/13 12:00 AM
426654;S190810;Notify Result Appeal to Offender;complete;4/15/13 12:00 AM
427007;S191297;Notify Result Appeal to Offender;complete;4/17/13 12:00 AM
427175;S191487;Notify Result Appeal to Offender;complete;5/15/13 12:00 AM
427544;S191930;Notify Result Appeal to Offender;complete;5/10/13 12:00 AM
430596;S42881;Notify Result Appeal to Offender;complete;3/1/04 12:00 AM
431355;S43497;Notify Result Appeal to Offender;complete;10/30/02 12:00 AM
431814;S44061;Notify Result Appeal to Offender;complete;6/21/03 12:00 AM
434664;S47893;Notify Result Appeal to Offender;complete;7/6/00 12:00 AM
434742;S47917;Notify Result Appeal to Offender;complete;12/2/00 12:00 AM
435690;S48577;Notify Result Appeal to Offender;complete;7/13/00 12:00 AM
437403;S49700;Notify Result Appeal to Offender;complete;9/28/00 12:00 AM
440143;S50893;Notify Result Appeal to Offender;complete;11/28/00 12:00 AM
440784;S51138;Notify Result Appeal to Offender;complete;11/23/00 12:00 AM
442329;S51802;Notify Result Appeal to Offender;complete;11/28/00 12:00 AM
444684;S52805;Notify Result Appeal to Offender;complete;10/29/02 12:00 AM
448852;S54626;Notify Result Appeal to Offender;complete;3/1/02 12:00 AM
468093;S63226;Notify Result Appeal to Offender;complete;1/21/02 12:00 AM
468108;S63230;Notify Result Appeal to Offender;complete;1/22/02 12:00 AM
470957;S64456;Notify Result Appeal to Offender;complete;4/26/02 12:00 AM
471041;S64488;Notify Result Appeal to Offender;complete;7/2/02 12:00 AM
472557;S65168;Notify Result Appeal to Offender;complete;7/2/02 12:00 AM
472804;S65295;Notify Result Appeal to Offender;complete;6/26/02 12:00 AM
474254;S65928;Notify Result Appeal to Offender;complete;3/10/03 12:00 AM
474576;S66061;Notify Result Appeal to Offender;complete;1/28/02 12:00 AM
474825;S66168;Notify Result Appeal to Offender;complete;7/2/02 12:00 AM
475140;S66322;Notify Result Appeal to Offender;complete;2/28/02 12:00 AM
476390;S66860;Notify Result Appeal to Offender;complete;9/6/02 12:00 AM
476889;S67063;Notify Result Appeal to Offender;complete;3/7/02 12:00 AM
480120;S68432;Notify Result Appeal to Offender;complete;4/23/02 12:00 AM
481785;S69231;Notify Result Appeal to Offender;complete;4/24/02 12:00 AM
482627;S69696;Notify Result Appeal to Offender;complete;4/24/02 12:00 AM
483835;S70594;Notify Result Appeal to Offender;complete;3/15/03 12:00 AM
484144;S70727;Notify Result Appeal to Offender;complete;3/6/03 12:00 AM
486044;S71621;Notify Result Appeal to Offender;complete;3/8/03 12:00 AM
487740;S72395;Notify Result Appeal to Offender;complete;3/7/03 12:00 AM
487765;S72408;Notify Result Appeal to Offender;complete;3/7/03 12:00 AM
488024;S72526;Notify Result Appeal to Offender;complete;6/7/04 12:00 AM
488787;S72867;Notify Result Appeal to Offender;complete;3/31/03 12:00 AM
489066;S72991;Notify Result Appeal to Offender;complete;3/18/03 12:00 AM
490154;S73394;Notify Result Appeal to Offender;complete;3/6/03 12:00 AM
490508;S73536;Notify Result Appeal to Offender;complete;3/6/03 12:00 AM
490771;S73642;Notify Result Appeal to Offender;complete;4/30/03 12:00 AM
491119;S73798;Notify Result Appeal to Offender;complete;3/20/03 12:00 AM
492038;S74163;Notify Result Appeal to Offender;complete;6/23/03 12:00 AM
492085;S74183;Notify Result Appeal to Offender;complete;6/23/03 12:00 AM
492214;S74232;Notify Result Appeal to Offender;complete;4/1/03 12:00 AM
492562;S74383;Notify Result Appeal to Offender;complete;3/31/03 12:00 AM
494400;S75179;Notify Result Appeal to Offender;complete;3/7/03 12:00 AM
495096;S75463;Notify Result Appeal to Offender;complete;7/16/03 12:00 AM
495210;S75516;Notify Result Appeal to Offender;complete;4/24/03 12:00 AM
495288;S75544;Notify Result Appeal to Offender;complete;4/24/03 12:00 AM
495581;S75671;Notify Result Appeal to Offender;complete;4/23/03 12:00 AM
496493;S76033;Notify Result Appeal to Offender;complete;3/31/03 12:00 AM
498051;S76678;Notify Result Appeal to Offender;complete;8/6/03 12:00 AM
499833;S77522;Notify Result Appeal to Offender;complete;10/10/03 12:00 AM
500434;S77843;Notify Result Appeal to Offender;complete;3/20/03 12:00 AM
501132;S78275;Notify Result Appeal to Offender;complete;6/23/03 12:00 AM
501294;S78351;Notify Result Appeal to Offender;complete;6/23/03 12:00 AM
501626;S78532;Notify Result Appeal to Offender;complete;6/24/03 12:00 AM
504337;S80360;Notify Result Appeal to Offender;complete;7/12/04 12:00 AM
504531;S80519;Notify Result Appeal to Offender;complete;6/7/04 12:00 AM
506151;S81379;Notify Result Appeal to Offender;complete;6/26/04 12:00 AM
507934;S82365;Notify Result Appeal to Offender;complete;6/29/04 12:00 AM
508323;S82608;Notify Result Appeal to Offender;complete;8/23/04 12:00 AM
508441;S82666;Notify Result Appeal to Offender;complete;6/24/04 12:00 AM
508450;S82669;Notify Result Appeal to Offender;complete;6/7/04 12:00 AM
508780;S82844;Notify Result Appeal to Offender;complete;6/5/04 12:00 AM
509345;S83239;Notify Result Appeal to Offender;complete;8/23/04 12:00 AM
509735;S83516;Notify Result Appeal to Offender;complete;7/14/04 12:00 AM
510874;S84245;Notify Result Appeal to Offender;complete;5/6/05 12:00 AM
511004;S84347;Notify Result Appeal to Offender;complete;7/19/04 12:00 AM
511501;S84646;Notify Result Appeal to Offender;complete;7/12/04 12:00 AM
512008;S84959;Notify Result Appeal to Offender;complete;6/24/04 12:00 AM
512121;S85017;Notify Result Appeal to Offender;complete;6/5/04 12:00 AM
512452;S85301;Notify Result Appeal to Offender;complete;9/3/04 12:00 AM
513836;S86324;Notify Result Appeal to Offender;complete;6/26/04 12:00 AM
514005;S86412;Notify Result Appeal to Offender;complete;4/18/05 12:00 AM
514190;S86512;Notify Result Appeal to Offender;complete;9/9/04 12:00 AM
514199;S86513;Notify Result Appeal to Offender;complete;7/28/04 12:00 AM
514879;S86974;Notify Result Appeal to Offender;complete;4/16/04 12:00 AM
514971;S87021;Notify Result Appeal to Offender;complete;7/12/04 12:00 AM
515118;S87107;Notify Result Appeal to Offender;complete;6/24/04 12:00 AM
516223;S87856;Notify Result Appeal to Offender;complete;7/12/04 12:00 AM
516598;S88123;Notify Result Appeal to Offender;complete;7/14/04 12:00 AM
516895;S88306;Notify Result Appeal to Offender;complete;6/25/04 12:00 AM
517203;S88494;Notify Result Appeal to Offender;complete;3/15/07 12:00 AM
519195;S90472;Notify Result Appeal to Offender;complete;9/6/04 12:00 AM
519204;S90473;Notify Result Appeal to Offender;complete;9/11/04 12:00 AM
519484;S90624;Notify Result Appeal to Offender;complete;9/3/04 12:00 AM
520176;S91198;Notify Result Appeal to Offender;complete;2/26/05 12:00 AM
520370;S91433;Notify Result Appeal to Offender;complete;12/30/04 12:00 AM
521407;S92388;Notify Result Appeal to Offender;complete;12/23/04 12:00 AM
521598;S92532;Notify Result Appeal to Offender;complete;1/21/05 12:00 AM
522288;S92980;Notify Result Appeal to Offender;complete;3/17/05 12:00 AM
522334;S92995;Notify Result Appeal to Offender;complete;4/18/05 12:00 AM
522345;S92999;Notify Result Appeal to Offender;complete;4/18/05 12:00 AM
522597;S93290;Notify Result Appeal to Offender;complete;3/18/05 12:00 AM
523394;S93920;Notify Result Appeal to Offender;complete;5/12/05 12:00 AM
524570;S94546;Notify Result Appeal to Offender;complete;4/4/05 12:00 AM
524578;S94547;Notify Result Appeal to Offender;complete;4/19/05 12:00 AM
524781;S94673;Notify Result Appeal to Offender;complete;3/18/05 12:00 AM
525600;S95100;Notify Result Appeal to Offender;complete;5/20/05 12:00 AM
525972;S95270;Notify Result Appeal to Offender;complete;5/24/05 12:00 AM
526006;S95307;Notify Result Appeal to Offender;complete;7/28/05 12:00 AM
526510;S95543;Notify Result Appeal to Offender;complete;4/22/05 12:00 AM
526848;S95740;Notify Result Appeal to Offender;complete;2/9/06 12:00 AM
527379;S96010;Notify Result Appeal to Offender;complete;4/1/05 12:00 AM
527812;S96230;Notify Result Appeal to Offender;complete;5/6/05 12:00 AM
530914;S98111;Notify Result Appeal to Offender;complete;7/11/05 12:00 AM
531719;S98623;Notify Result Appeal to Offender;complete;2/11/06 12:00 AM
531810;S98679;Notify Result Appeal to Offender;complete;5/10/05 12:00 AM
531953;S98758;Notify Result Appeal to Offender;complete;5/6/05 12:00 AM
531979;S98764;Notify Result Appeal to Offender;complete;2/9/06 12:00 AM
532483;S99130;Notify Result Appeal to Offender;complete;9/12/05 12:00 AM
532533;S99168;Notify Result Appeal to Offender;complete;10/22/05 12:00 AM
532566;S99180;Notify Result Appeal to Offender;complete;3/29/06 12:00 AM
532781;S99286;Notify Result Appeal to Offender;complete;12/20/05 12:00 AM
533578;S99976;Notify Result Appeal to Offender;complete;12/17/05 12:00 AM
533783;V10054;Notify Result Appeal to Offender;complete;7/3/03 12:00 AM
533836;V10067;Notify Result Appeal to Offender;complete;4/28/03 12:00 AM
533921;V10103;Notify Result Appeal to Offender;complete;6/13/03 12:00 AM
533957;V10120;Notify Result Appeal to Offender;complete;3/20/03 12:00 AM
534161;V10193;Notify Result Appeal to Offender;complete;6/10/03 12:00 AM
534255;V10241;Notify Result Appeal to Offender;complete;3/20/03 12:00 AM
534788;V10450;Notify Result Appeal to Offender;complete;9/5/03 12:00 AM
535061;V10556;Notify Result Appeal to Offender;complete;11/22/03 12:00 AM
535713;V10968;Notify Result Appeal to Offender;complete;6/26/04 12:00 AM
536118;V11127;Notify Result Appeal to Offender;complete;11/4/03 12:00 AM
536348;V11249;Notify Result Appeal to Offender;complete;11/8/03 12:00 AM
536852;V11578;Notify Result Appeal to Offender;complete;4/16/04 12:00 AM
536877;V11582;Notify Result Appeal to Offender;complete;1/14/04 12:00 AM
536892;V11590;Notify Result Appeal to Offender;complete;3/10/04 12:00 AM
536908;V11593;Notify Result Appeal to Offender;complete;3/23/04 12:00 AM
536933;V11604;Notify Result Appeal to Offender;complete;3/1/04 12:00 AM
536963;V11612;Notify Result Appeal to Offender;complete;2/20/04 12:00 AM
536989;V11633;Notify Result Appeal to Offender;complete;3/25/04 12:00 AM
537071;V11661;Notify Result Appeal to Offender;complete;2/21/04 12:00 AM
537080;V11662;Notify Result Appeal to Offender;complete;2/20/04 12:00 AM
537371;V11790;Notify Result Appeal to Offender;complete;2/21/04 12:00 AM
537395;V11801;Notify Result Appeal to Offender;complete;3/2/04 12:00 AM
537569;V11858;Notify Result Appeal to Offender;complete;4/25/04 12:00 AM
537675;V11900;Notify Result Appeal to Offender;complete;2/21/04 12:00 AM
537710;V11908;Notify Result Appeal to Offender;complete;6/18/04 12:00 AM
537731;V11923;Notify Result Appeal to Offender;complete;2/26/04 12:00 AM
537879;V11980;Notify Result Appeal to Offender;complete;3/1/04 12:00 AM
537895;V11986;Notify Result Appeal to Offender;complete;2/22/04 12:00 AM
537991;V12021;Notify Result Appeal to Offender;complete;3/17/04 12:00 AM
538000;V12024;Notify Result Appeal to Offender;complete;6/18/04 12:00 AM
538061;V12053;Notify Result Appeal to Offender;complete;2/28/04 12:00 AM
538123;V12074;Notify Result Appeal to Offender;complete;2/26/04 12:00 AM
538209;V12113;Notify Result Appeal to Offender;complete;3/2/04 12:00 AM
538354;V12159;Notify Result Appeal to Offender;complete;2/27/04 12:00 AM
538492;V12206;Notify Result Appeal to Offender;complete;2/20/04 12:00 AM
538538;V12217;Notify Result Appeal to Offender;complete;3/29/04 12:00 AM
538547;V12218;Notify Result Appeal to Offender;complete;2/26/04 12:00 AM
538698;V12270;Notify Result Appeal to Offender;complete;2/26/04 12:00 AM
538722;V12287;Notify Result Appeal to Offender;complete;2/22/04 12:00 AM
538744;V12293;Notify Result Appeal to Offender;complete;3/29/04 12:00 AM
538985;V12383;Notify Result Appeal to Offender;complete;3/27/04 12:00 AM
539195;V12461;Notify Result Appeal to Offender;complete;6/5/04 12:00 AM
539270;V12494;Notify Result Appeal to Offender;complete;6/18/04 12:00 AM
539426;V12557;Notify Result Appeal to Offender;complete;6/28/04 12:00 AM
539603;V14999;Notify Result Appeal to Offender;complete;2/12/06 12:00 AM
539757;V15419;Notify Result Appeal to Offender;complete;9/27/06 12:00 AM
539832;V15478;Notify Result Appeal to Offender;complete;8/24/06 12:00 AM
540168;V15722;Notify Result Appeal to Offender;complete;2/9/07 12:00 AM
540566;V16089;Notify Result Appeal to Offender;complete;5/12/07 12:00 AM
540615;V16105;Notify Result Appeal to Offender;complete;4/23/07 12:00 AM
540624;V16109;Notify Result Appeal to Offender;complete;10/17/07 12:00 AM
540668;V16122;Notify Result Appeal to Offender;complete;10/17/07 12:00 AM
541149;V16460;Notify Result Appeal to Offender;complete;4/6/07 12:00 AM
541159;V16462;Notify Result Appeal to Offender;complete;5/18/07 12:00 AM
541431;V16668;Notify Result Appeal to Offender;complete;11/24/07 12:00 AM
541499;V16713;Notify Result Appeal to Offender;complete;1/30/08 12:00 AM
541514;V16732;Notify Result Appeal to Offender;complete;8/9/08 12:00 AM
541672;V16845;Notify Result Appeal to Offender;complete;6/23/08 12:00 AM
541925;V17003;Notify Result Appeal to Offender;complete;9/25/08 12:00 AM
541940;V17023;Notify Result Appeal to Offender;complete;9/25/08 12:00 AM
542057;V17076;Notify Result Appeal to Offender;complete;12/12/08 12:00 AM
542137;V17113;Notify Result Appeal to Offender;complete;2/17/09 12:00 AM
542358;V17264;Notify Result Appeal to Offender;complete;1/16/09 12:00 AM
542409;V17289;Notify Result Appeal to Offender;complete;9/25/08 12:00 AM
542626;V17438;Notify Result Appeal to Offender;complete;1/20/09 12:00 AM
542688;V17471;Notify Result Appeal to Offender;complete;2/18/09 12:00 AM
542834;V17546;Notify Result Appeal to Offender;complete;2/24/09 12:00 AM
542861;V17555;Notify Result Appeal to Offender;complete;2/26/09 12:00 AM
542876;V17561;Notify Result Appeal to Offender;complete;2/13/09 12:00 AM
543072;V17677;Notify Result Appeal to Offender;complete;2/17/09 12:00 AM
543320;V17805;Notify Result Appeal to Offender;complete;3/16/09 12:00 AM
543348;V17822;Notify Result Appeal to Offender;complete;6/10/09 12:00 AM
543987;V18189;Notify Result Appeal to Offender;complete;12/9/09 12:00 AM
544003;V18195;Notify Result Appeal to Offender;complete;10/12/09 12:00 AM
544069;V18237;Notify Result Appeal to Offender;complete;10/5/09 12:00 AM
544185;V18308;Notify Result Appeal to Offender;complete;3/15/10 12:00 AM
544252;V18348;Notify Result Appeal to Offender;complete;12/9/09 12:00 AM
544589;V18515;Notify Result Appeal to Offender;complete;7/13/10 12:00 AM
544695;V18566;Notify Result Appeal to Offender;complete;12/21/09 12:00 AM
544764;V18588;Notify Result Appeal to Offender;complete;12/10/09 12:00 AM
544779;V18591;Notify Result Appeal to Offender;complete;2/8/10 12:00 AM
544797;V18599;Notify Result Appeal to Offender;complete;3/31/10 12:00 AM
544852;V18650;Notify Result Appeal to Offender;complete;1/19/10 12:00 AM
544871;V18655;Notify Result Appeal to Offender;complete;3/17/10 12:00 AM
544990;V18738;Notify Result Appeal to Offender;complete;3/6/10 12:00 AM
545171;V18853;Notify Result Appeal to Offender;complete;7/21/10 12:00 AM
546027;V19288;Notify Result Appeal to Offender;complete;3/28/12 12:00 AM
546111;V3878;Notify Result Appeal to Offender;complete;7/8/00 12:00 AM
546270;V3936;Notify Result Appeal to Offender;complete;7/13/00 12:00 AM
546496;V4034;Notify Result Appeal to Offender;complete;9/25/00 12:00 AM
546510;V4036;Notify Result Appeal to Offender;complete;7/6/00 12:00 AM
546876;V4180;Notify Result Appeal to Offender;complete;9/28/00 12:00 AM
546970;V4224;Notify Result Appeal to Offender;complete;7/8/00 12:00 AM
547169;V4292;Notify Result Appeal to Offender;complete;9/21/00 12:00 AM
547465;V4402;Notify Result Appeal to Offender;complete;7/11/00 12:00 AM
547652;V4471;Notify Result Appeal to Offender;complete;11/29/00 12:00 AM
547666;V4473;Notify Result Appeal to Offender;complete;11/29/00 12:00 AM
547696;V4481;Notify Result Appeal to Offender;complete;11/29/00 12:00 AM
547784;V4508;Notify Result Appeal to Offender;complete;11/30/00 12:00 AM
547793;V4509;Notify Result Appeal to Offender;complete;11/24/00 12:00 AM
547913;V4564;Notify Result Appeal to Offender;complete;11/28/00 12:00 AM
548128;V4649;Notify Result Appeal to Offender;complete;11/23/00 12:00 AM
548174;V4663;Notify Result Appeal to Offender;complete;12/20/00 12:00 AM
548348;V4727;Notify Result Appeal to Offender;complete;11/29/00 12:00 AM
548384;V4742;Notify Result Appeal to Offender;complete;11/30/00 12:00 AM
548454;V4775;Notify Result Appeal to Offender;complete;11/23/00 12:00 AM
548626;V4845;Notify Result Appeal to Offender;complete;11/30/00 12:00 AM
548786;V4898;Notify Result Appeal to Offender;complete;11/23/00 12:00 AM
548914;V4946;Notify Result Appeal to Offender;complete;11/23/00 12:00 AM
549125;V5010;Notify Result Appeal to Offender;complete;11/28/00 12:00 AM
549143;V5015;Notify Result Appeal to Offender;complete;11/28/00 12:00 AM
549202;V5041;Notify Result Appeal to Offender;complete;11/29/00 12:00 AM
549238;V5055;Notify Result Appeal to Offender;complete;11/28/00 12:00 AM
549374;V5108;Notify Result Appeal to Offender;complete;11/23/00 12:00 AM
549460;V5144;Notify Result Appeal to Offender;complete;11/24/00 12:00 AM
549480;V5148;Notify Result Appeal to Offender;complete;12/2/00 12:00 AM
550592;V5578;Notify Result Appeal to Offender;complete;11/28/00 12:00 AM
554997;V7364;Notify Result Appeal to Offender;complete;1/23/02 12:00 AM
555070;V7396;Notify Result Appeal to Offender;complete;3/2/02 12:00 AM
555203;V7435;Notify Result Appeal to Offender;complete;1/21/02 12:00 AM
555990;V7799;Notify Result Appeal to Offender;complete;6/27/02 12:00 AM
556366;V7972;Notify Result Appeal to Offender;complete;9/30/02 12:00 AM
556441;V7998;Notify Result Appeal to Offender;complete;6/22/02 12:00 AM
556833;V8160;Notify Result Appeal to Offender;complete;9/6/02 12:00 AM
556922;V8187;Notify Result Appeal to Offender;complete;8/30/02 12:00 AM
556954;V8200;Notify Result Appeal to Offender;complete;9/7/02 12:00 AM
557238;V8330;Notify Result Appeal to Offender;complete;9/7/02 12:00 AM
557297;V8350;Notify Result Appeal to Offender;complete;8/30/02 12:00 AM
557317;V8354;Notify Result Appeal to Offender;complete;9/6/02 12:00 AM
557349;V8364;Notify Result Appeal to Offender;complete;8/30/02 12:00 AM
557358;V8366;Notify Result Appeal to Offender;complete;9/5/02 12:00 AM
557860;V8571;Notify Result Appeal to Offender;complete;8/30/02 12:00 AM
558137;V8700;Notify Result Appeal to Offender;complete;9/7/02 12:00 AM
558737;V8906;Notify Result Appeal to Offender;complete;3/12/03 12:00 AM
558765;V8914;Notify Result Appeal to Offender;complete;3/8/03 12:00 AM
559075;V9029;Notify Result Appeal to Offender;complete;3/15/03 12:00 AM
559498;V9212;Notify Result Appeal to Offender;complete;4/1/03 12:00 AM
560161;V9489;Notify Result Appeal to Offender;complete;6/23/03 12:00 AM
560240;V9525;Notify Result Appeal to Offender;complete;4/1/03 12:00 AM
560329;V9560;Notify Result Appeal to Offender;complete;4/29/03 12:00 AM
560359;V9576;Notify Result Appeal to Offender;complete;4/23/03 12:00 AM
561433;V9985;Notify Result Appeal to Offender;complete;3/31/03 12:00 AM
