index;T:concept:name;E:concept:name;E:lifecycle:transition;E:time:timestamp
602;A10249;Receive Result Appeal from Prefecture;complete;1/22/08 12:00 AM
783;A10338;Receive Result Appeal from Prefecture;complete;10/23/07 12:00 AM
1429;A10619;Receive Result Appeal from Prefecture;complete;11/12/07 12:00 AM
1945;A10858;Receive Result Appeal from Prefecture;complete;5/28/08 12:00 AM
4528;A12027;Receive Result Appeal from Prefecture;complete;1/21/08 12:00 AM
5340;A12414;Receive Result Appeal from Prefecture;complete;12/18/07 12:00 AM
6864;A13217;Receive Result Appeal from Prefecture;complete;1/31/08 12:00 AM
6948;A1327;Receive Result Appeal from Prefecture;complete;6/29/07 12:00 AM
7690;A13617;Receive Result Appeal from Prefecture;complete;11/9/07 12:00 AM
8501;A13984;Receive Result Appeal from Prefecture;complete;9/6/08 12:00 AM
9908;A14652;Receive Result Appeal from Prefecture;complete;5/20/08 12:00 AM
10436;A14910;Receive Result Appeal from Prefecture;complete;10/31/07 12:00 AM
10684;A15045;Receive Result Appeal from Prefecture;complete;12/18/07 12:00 AM
10729;A15064;Receive Result Appeal from Prefecture;complete;1/31/08 12:00 AM
11041;A15202;Receive Result Appeal from Prefecture;complete;2/29/08 12:00 AM
11746;A155;Receive Result Appeal from Prefecture;complete;8/7/07 12:00 AM
12391;A1582;Receive Result Appeal from Prefecture;complete;3/19/07 12:00 AM
12466;A15866;Receive Result Appeal from Prefecture;complete;2/27/08 12:00 AM
12492;A15873;Receive Result Appeal from Prefecture;complete;6/11/08 12:00 AM
12771;A16006;Receive Result Appeal from Prefecture;complete;5/20/08 12:00 AM
13035;A16141;Receive Result Appeal from Prefecture;complete;9/11/08 12:00 AM
13071;A1615;Receive Result Appeal from Prefecture;complete;6/20/07 12:00 AM
13462;A16320;Receive Result Appeal from Prefecture;complete;2/29/08 12:00 AM
14345;A16773;Receive Result Appeal from Prefecture;complete;1/31/08 12:00 AM
15286;A17210;Receive Result Appeal from Prefecture;complete;6/10/08 12:00 AM
17466;A18290;Receive Result Appeal from Prefecture;complete;5/28/08 12:00 AM
18449;A18742;Receive Result Appeal from Prefecture;complete;5/26/08 12:00 AM
18756;A18881;Receive Result Appeal from Prefecture;complete;3/26/08 12:00 AM
18805;A189;Receive Result Appeal from Prefecture;complete;9/18/07 12:00 AM
19592;A19254;Receive Result Appeal from Prefecture;complete;4/22/08 12:00 AM
21480;A20157;Receive Result Appeal from Prefecture;complete;3/27/08 12:00 AM
23032;A20843;Receive Result Appeal from Prefecture;complete;1/21/08 12:00 AM
23149;A2090;Receive Result Appeal from Prefecture;complete;8/7/07 12:00 AM
25121;A21799;Receive Result Appeal from Prefecture;complete;6/11/08 12:00 AM
25181;A21826;Receive Result Appeal from Prefecture;complete;7/1/08 12:00 AM
25649;A22043;Receive Result Appeal from Prefecture;complete;9/22/08 12:00 AM
26152;A22337;Receive Result Appeal from Prefecture;complete;4/22/08 12:00 AM
28110;A23324;Receive Result Appeal from Prefecture;complete;6/11/08 12:00 AM
28489;A23552;Receive Result Appeal from Prefecture;complete;5/30/08 12:00 AM
28739;A23667;Receive Result Appeal from Prefecture;complete;4/22/08 12:00 AM
28877;A23740;Receive Result Appeal from Prefecture;complete;6/11/08 12:00 AM
29047;A23823;Receive Result Appeal from Prefecture;complete;6/11/08 12:00 AM
29325;A2396;Receive Result Appeal from Prefecture;complete;8/6/07 12:00 AM
29673;A24141;Receive Result Appeal from Prefecture;complete;11/5/08 12:00 AM
30149;A24387;Receive Result Appeal from Prefecture;complete;9/12/08 12:00 AM
30307;A24454;Receive Result Appeal from Prefecture;complete;6/11/08 12:00 AM
30499;A24549;Receive Result Appeal from Prefecture;complete;10/8/08 12:00 AM
31520;A2512;Receive Result Appeal from Prefecture;complete;10/6/07 12:00 AM
32431;A25580;Receive Result Appeal from Prefecture;complete;5/8/08 12:00 AM
32879;A25778;Receive Result Appeal from Prefecture;complete;4/30/09 12:00 AM
34164;A26413;Receive Result Appeal from Prefecture;complete;12/4/08 12:00 AM
34179;A26417;Receive Result Appeal from Prefecture;complete;12/4/08 12:00 AM
34210;A26425;Receive Result Appeal from Prefecture;complete;12/4/08 12:00 AM
34436;A26532;Receive Result Appeal from Prefecture;complete;4/30/08 12:00 AM
34585;A26598;Receive Result Appeal from Prefecture;complete;6/23/08 12:00 AM
35231;A26902;Receive Result Appeal from Prefecture;complete;2/12/09 12:00 AM
35567;A27067;Receive Result Appeal from Prefecture;complete;4/30/08 12:00 AM
36103;A27320;Receive Result Appeal from Prefecture;complete;1/16/09 12:00 AM
36612;A27571;Receive Result Appeal from Prefecture;complete;12/4/08 12:00 AM
37122;A27823;Receive Result Appeal from Prefecture;complete;11/27/08 12:00 AM
37833;A28156;Receive Result Appeal from Prefecture;complete;10/21/08 12:00 AM
38907;A28691;Receive Result Appeal from Prefecture;complete;2/16/09 12:00 AM
40082;A29332;Receive Result Appeal from Prefecture;complete;1/21/09 12:00 AM
40389;A29455;Receive Result Appeal from Prefecture;complete;11/6/08 12:00 AM
42181;A30343;Receive Result Appeal from Prefecture;complete;4/30/09 12:00 AM
43427;A31097;Receive Result Appeal from Prefecture;complete;2/13/09 12:00 AM
44914;A31837;Receive Result Appeal from Prefecture;complete;11/28/08 12:00 AM
45537;A32162;Receive Result Appeal from Prefecture;complete;2/3/09 12:00 AM
45606;A32200;Receive Result Appeal from Prefecture;complete;11/28/08 12:00 AM
45649;A32224;Receive Result Appeal from Prefecture;complete;2/6/09 12:00 AM
45707;A32242;Receive Result Appeal from Prefecture;complete;3/9/09 12:00 AM
45908;A32338;Receive Result Appeal from Prefecture;complete;4/30/09 12:00 AM
45988;A32381;Receive Result Appeal from Prefecture;complete;4/30/09 12:00 AM
46292;A32535;Receive Result Appeal from Prefecture;complete;4/30/09 12:00 AM
46782;A32727;Receive Result Appeal from Prefecture;complete;2/4/09 12:00 AM
48345;A3350;Receive Result Appeal from Prefecture;complete;8/1/07 12:00 AM
48459;A33567;Receive Result Appeal from Prefecture;complete;2/6/09 12:00 AM
48814;A33741;Receive Result Appeal from Prefecture;complete;2/19/09 12:00 AM
49653;A34112;Receive Result Appeal from Prefecture;complete;4/30/09 12:00 AM
49770;A34160;Receive Result Appeal from Prefecture;complete;11/3/09 12:00 AM
51984;A35306;Receive Result Appeal from Prefecture;complete;5/20/09 12:00 AM
52058;A35349;Receive Result Appeal from Prefecture;complete;9/15/09 12:00 AM
53329;A35999;Receive Result Appeal from Prefecture;complete;6/5/09 12:00 AM
53543;A36129;Receive Result Appeal from Prefecture;complete;4/30/09 12:00 AM
53615;A36164;Receive Result Appeal from Prefecture;complete;4/29/09 12:00 AM
54875;A36913;Receive Result Appeal from Prefecture;complete;12/2/09 12:00 AM
55090;A37014;Receive Result Appeal from Prefecture;complete;5/18/09 12:00 AM
55617;A373;Receive Result Appeal from Prefecture;complete;6/20/07 12:00 AM
55702;A37341;Receive Result Appeal from Prefecture;complete;6/5/09 12:00 AM
56908;A38093;Receive Result Appeal from Prefecture;complete;12/2/09 12:00 AM
62380;A41175;Receive Result Appeal from Prefecture;complete;12/31/09 12:00 AM
62709;A41329;Receive Result Appeal from Prefecture;complete;1/12/10 12:00 AM
64609;A42360;Receive Result Appeal from Prefecture;complete;2/15/10 12:00 AM
66248;A43197;Receive Result Appeal from Prefecture;complete;1/12/10 12:00 AM
66292;A43211;Receive Result Appeal from Prefecture;complete;3/8/10 12:00 AM
66490;A43302;Receive Result Appeal from Prefecture;complete;3/8/10 12:00 AM
66689;A434;Receive Result Appeal from Prefecture;complete;5/4/07 12:00 AM
66760;A43434;Receive Result Appeal from Prefecture;complete;12/4/09 12:00 AM
69008;A44560;Receive Result Appeal from Prefecture;complete;9/21/10 12:00 AM
69783;A44928;Receive Result Appeal from Prefecture;complete;9/21/10 12:00 AM
70182;A45118;Receive Result Appeal from Prefecture;complete;11/3/10 12:00 AM
70674;A45407;Receive Result Appeal from Prefecture;complete;11/3/10 12:00 AM
72748;A527;Receive Result Appeal from Prefecture;complete;6/20/07 12:00 AM
73601;A5921;Receive Result Appeal from Prefecture;complete;8/9/07 12:00 AM
76044;A7107;Receive Result Appeal from Prefecture;complete;8/8/07 12:00 AM
77725;A832;Receive Result Appeal from Prefecture;complete;8/29/07 12:00 AM
77995;A8472;Receive Result Appeal from Prefecture;complete;9/27/07 12:00 AM
78274;A8677;Receive Result Appeal from Prefecture;complete;11/26/07 12:00 AM
78321;A8704;Receive Result Appeal from Prefecture;complete;10/30/07 12:00 AM
78374;A8733;Receive Result Appeal from Prefecture;complete;9/27/07 12:00 AM
78463;A8866;Receive Result Appeal from Prefecture;complete;11/9/07 12:00 AM
78517;A8887;Receive Result Appeal from Prefecture;complete;11/8/07 12:00 AM
78613;A8980;Receive Result Appeal from Prefecture;complete;9/6/08 12:00 AM
78790;A9077;Receive Result Appeal from Prefecture;complete;11/26/07 12:00 AM
79577;A9462;Receive Result Appeal from Prefecture;complete;11/12/07 12:00 AM
81229;C10981;Receive Result Appeal from Prefecture;complete;7/2/00 12:00 AM
82373;C12027;Receive Result Appeal from Prefecture;complete;11/21/00 12:00 AM
82830;C12357;Receive Result Appeal from Prefecture;complete;11/21/00 12:00 AM
83845;C13063;Receive Result Appeal from Prefecture;complete;2/7/02 12:00 AM
86388;C14426;Receive Result Appeal from Prefecture;complete;1/17/02 12:00 AM
86540;C14494;Receive Result Appeal from Prefecture;complete;12/18/02 12:00 AM
87689;C15107;Receive Result Appeal from Prefecture;complete;7/30/03 12:00 AM
89381;C16367;Receive Result Appeal from Prefecture;complete;12/13/05 12:00 AM
90080;C16950;Receive Result Appeal from Prefecture;complete;12/15/03 12:00 AM
90943;C17552;Receive Result Appeal from Prefecture;complete;10/7/05 12:00 AM
91203;C17735;Receive Result Appeal from Prefecture;complete;4/30/07 12:00 AM
92346;C18351;Receive Result Appeal from Prefecture;complete;2/17/06 12:00 AM
92669;C18515;Receive Result Appeal from Prefecture;complete;3/8/07 12:00 AM
92765;C18557;Receive Result Appeal from Prefecture;complete;10/6/06 12:00 AM
93072;C18710;Receive Result Appeal from Prefecture;complete;11/17/06 12:00 AM
93081;C18711;Receive Result Appeal from Prefecture;complete;11/17/06 12:00 AM
93434;C18902;Receive Result Appeal from Prefecture;complete;11/23/06 12:00 AM
93715;C19060;Receive Result Appeal from Prefecture;complete;6/3/11 12:00 AM
93722;C19061;Receive Result Appeal from Prefecture;complete;4/1/11 12:00 AM
93886;C19128;Receive Result Appeal from Prefecture;complete;11/23/06 12:00 AM
94902;C19668;Receive Result Appeal from Prefecture;complete;9/26/08 12:00 AM
95438;C19980;Receive Result Appeal from Prefecture;complete;11/6/08 12:00 AM
95660;C20123;Receive Result Appeal from Prefecture;complete;7/26/11 12:00 AM
97007;C20931;Receive Result Appeal from Prefecture;complete;10/28/11 12:00 AM
97815;C21363;Receive Result Appeal from Prefecture;complete;5/5/10 12:00 AM
98504;C21670;Receive Result Appeal from Prefecture;complete;11/12/10 12:00 AM
98642;C21740;Receive Result Appeal from Prefecture;complete;4/7/11 12:00 AM
98832;C21850;Receive Result Appeal from Prefecture;complete;7/26/11 12:00 AM
98882;C21865;Receive Result Appeal from Prefecture;complete;1/21/11 12:00 AM
99467;C22209;Receive Result Appeal from Prefecture;complete;12/16/11 12:00 AM
99660;C22308;Receive Result Appeal from Prefecture;complete;2/8/12 12:00 AM
99956;C22479;Receive Result Appeal from Prefecture;complete;9/7/11 12:00 AM
100062;C22549;Receive Result Appeal from Prefecture;complete;10/23/12 12:00 AM
100245;C22706;Receive Result Appeal from Prefecture;complete;7/31/12 12:00 AM
100937;N100056;Receive Result Appeal from Prefecture;complete;4/11/07 12:00 AM
101218;N100184;Receive Result Appeal from Prefecture;complete;4/16/07 12:00 AM
101955;N100563;Receive Result Appeal from Prefecture;complete;4/11/07 12:00 AM
101990;N100576;Receive Result Appeal from Prefecture;complete;10/1/07 12:00 AM
102075;N100622;Receive Result Appeal from Prefecture;complete;6/5/07 12:00 AM
102088;N100627;Receive Result Appeal from Prefecture;complete;7/12/07 12:00 AM
102198;N100684;Receive Result Appeal from Prefecture;complete;3/14/07 12:00 AM
102550;N100867;Receive Result Appeal from Prefecture;complete;4/13/07 12:00 AM
102772;N101006;Receive Result Appeal from Prefecture;complete;3/30/07 12:00 AM
102947;N101106;Receive Result Appeal from Prefecture;complete;5/4/07 12:00 AM
103213;N101220;Receive Result Appeal from Prefecture;complete;4/30/07 12:00 AM
103359;N101290;Receive Result Appeal from Prefecture;complete;7/9/07 12:00 AM
103434;N101313;Receive Result Appeal from Prefecture;complete;6/25/07 12:00 AM
103974;N101653;Receive Result Appeal from Prefecture;complete;6/19/07 12:00 AM
104282;N101886;Receive Result Appeal from Prefecture;complete;8/31/07 12:00 AM
104666;N102144;Receive Result Appeal from Prefecture;complete;8/31/07 12:00 AM
104827;N102208;Receive Result Appeal from Prefecture;complete;6/28/07 12:00 AM
105203;N102385;Receive Result Appeal from Prefecture;complete;5/10/07 12:00 AM
105497;N102524;Receive Result Appeal from Prefecture;complete;7/9/07 12:00 AM
106145;N102850;Receive Result Appeal from Prefecture;complete;9/18/07 12:00 AM
106154;N102852;Receive Result Appeal from Prefecture;complete;7/10/07 12:00 AM
106163;N102853;Receive Result Appeal from Prefecture;complete;8/31/07 12:00 AM
107298;N21196;Receive Result Appeal from Prefecture;complete;4/21/00 12:00 AM
107604;N21305;Receive Result Appeal from Prefecture;complete;11/21/00 12:00 AM
107979;N21445;Receive Result Appeal from Prefecture;complete;9/20/00 12:00 AM
108302;N21892;Receive Result Appeal from Prefecture;complete;4/21/00 12:00 AM
110512;N22767;Receive Result Appeal from Prefecture;complete;9/20/00 12:00 AM
111358;N23052;Receive Result Appeal from Prefecture;complete;7/2/00 12:00 AM
113150;N23661;Receive Result Appeal from Prefecture;complete;9/20/00 12:00 AM
113477;N23793;Receive Result Appeal from Prefecture;complete;9/20/00 12:00 AM
114014;N24007;Receive Result Appeal from Prefecture;complete;7/2/00 12:00 AM
114089;N24046;Receive Result Appeal from Prefecture;complete;11/21/00 12:00 AM
114154;N24074;Receive Result Appeal from Prefecture;complete;11/21/00 12:00 AM
114378;N24163;Receive Result Appeal from Prefecture;complete;11/21/00 12:00 AM
115251;N24443;Receive Result Appeal from Prefecture;complete;9/20/00 12:00 AM
115550;N24544;Receive Result Appeal from Prefecture;complete;11/21/00 12:00 AM
115620;N24572;Receive Result Appeal from Prefecture;complete;11/21/00 12:00 AM
118688;N25594;Receive Result Appeal from Prefecture;complete;11/21/00 12:00 AM
143533;N34672;Receive Result Appeal from Prefecture;complete;12/11/01 12:00 AM
143641;N34717;Receive Result Appeal from Prefecture;complete;11/18/01 12:00 AM
144558;N35111;Receive Result Appeal from Prefecture;complete;10/31/01 12:00 AM
145088;N35364;Receive Result Appeal from Prefecture;complete;4/30/02 12:00 AM
145741;N35655;Receive Result Appeal from Prefecture;complete;1/8/02 12:00 AM
146068;N35780;Receive Result Appeal from Prefecture;complete;1/10/02 12:00 AM
146354;N35881;Receive Result Appeal from Prefecture;complete;2/6/02 12:00 AM
146570;N35956;Receive Result Appeal from Prefecture;complete;12/11/01 12:00 AM
147036;N36160;Receive Result Appeal from Prefecture;complete;7/29/02 12:00 AM
147213;N36227;Receive Result Appeal from Prefecture;complete;7/31/02 12:00 AM
148705;N36911;Receive Result Appeal from Prefecture;complete;1/31/02 12:00 AM
150732;N37813;Receive Result Appeal from Prefecture;complete;3/7/02 12:00 AM
151386;N38083;Receive Result Appeal from Prefecture;complete;5/2/02 12:00 AM
152650;N38587;Receive Result Appeal from Prefecture;complete;5/2/02 12:00 AM
153946;N39138;Receive Result Appeal from Prefecture;complete;7/31/02 12:00 AM
153967;N39144;Receive Result Appeal from Prefecture;complete;6/11/02 12:00 AM
155374;N39735;Receive Result Appeal from Prefecture;complete;7/29/02 12:00 AM
155541;N39819;Receive Result Appeal from Prefecture;complete;7/31/02 12:00 AM
155807;N39953;Receive Result Appeal from Prefecture;complete;7/31/02 12:00 AM
156973;N40397;Receive Result Appeal from Prefecture;complete;6/30/04 12:00 AM
157232;N40518;Receive Result Appeal from Prefecture;complete;8/26/02 12:00 AM
157888;N40749;Receive Result Appeal from Prefecture;complete;8/26/02 12:00 AM
158140;N40847;Receive Result Appeal from Prefecture;complete;5/5/03 12:00 AM
158700;N41192;Receive Result Appeal from Prefecture;complete;3/28/03 12:00 AM
158832;N41256;Receive Result Appeal from Prefecture;complete;7/10/02 12:00 AM
159477;N41527;Receive Result Appeal from Prefecture;complete;7/10/02 12:00 AM
159652;N41601;Receive Result Appeal from Prefecture;complete;8/27/02 12:00 AM
160433;N41914;Receive Result Appeal from Prefecture;complete;10/15/02 12:00 AM
160850;N42068;Receive Result Appeal from Prefecture;complete;10/15/02 12:00 AM
161128;N42170;Receive Result Appeal from Prefecture;complete;1/7/03 12:00 AM
162273;N42602;Receive Result Appeal from Prefecture;complete;10/15/02 12:00 AM
162310;N42612;Receive Result Appeal from Prefecture;complete;12/14/02 12:00 AM
162843;N42812;Receive Result Appeal from Prefecture;complete;12/14/02 12:00 AM
162895;N42828;Receive Result Appeal from Prefecture;complete;12/14/02 12:00 AM
163167;N42926;Receive Result Appeal from Prefecture;complete;3/28/03 12:00 AM
163366;N43002;Receive Result Appeal from Prefecture;complete;1/30/03 12:00 AM
163713;N43100;Receive Result Appeal from Prefecture;complete;5/5/03 12:00 AM
163802;N43129;Receive Result Appeal from Prefecture;complete;10/15/02 12:00 AM
163811;N43130;Receive Result Appeal from Prefecture;complete;12/14/02 12:00 AM
163820;N43132;Receive Result Appeal from Prefecture;complete;1/30/03 12:00 AM
164012;N43214;Receive Result Appeal from Prefecture;complete;12/14/02 12:00 AM
164041;N43226;Receive Result Appeal from Prefecture;complete;3/10/03 12:00 AM
164813;N43492;Receive Result Appeal from Prefecture;complete;6/4/03 12:00 AM
164946;N43530;Receive Result Appeal from Prefecture;complete;12/14/02 12:00 AM
165287;N43645;Receive Result Appeal from Prefecture;complete;12/14/02 12:00 AM
165630;N43787;Receive Result Appeal from Prefecture;complete;12/14/02 12:00 AM
165908;N43871;Receive Result Appeal from Prefecture;complete;1/30/03 12:00 AM
165929;N43876;Receive Result Appeal from Prefecture;complete;2/20/03 12:00 AM
166227;N44015;Receive Result Appeal from Prefecture;complete;2/21/03 12:00 AM
166235;N44017;Receive Result Appeal from Prefecture;complete;10/15/02 12:00 AM
166538;N44108;Receive Result Appeal from Prefecture;complete;12/14/02 12:00 AM
166562;N44117;Receive Result Appeal from Prefecture;complete;1/30/03 12:00 AM
166927;N44227;Receive Result Appeal from Prefecture;complete;5/5/03 12:00 AM
167345;N44408;Receive Result Appeal from Prefecture;complete;2/20/03 12:00 AM
167746;N44541;Receive Result Appeal from Prefecture;complete;2/20/03 12:00 AM
168985;N45169;Receive Result Appeal from Prefecture;complete;7/1/03 12:00 AM
169161;N45240;Receive Result Appeal from Prefecture;complete;5/5/03 12:00 AM
169245;N45281;Receive Result Appeal from Prefecture;complete;3/10/03 12:00 AM
169273;N45295;Receive Result Appeal from Prefecture;complete;3/6/03 12:00 AM
169436;N45352;Receive Result Appeal from Prefecture;complete;7/10/03 12:00 AM
170160;N45627;Receive Result Appeal from Prefecture;complete;4/22/03 12:00 AM
170314;N45680;Receive Result Appeal from Prefecture;complete;4/22/03 12:00 AM
170391;N45711;Receive Result Appeal from Prefecture;complete;6/26/03 12:00 AM
170552;N45779;Receive Result Appeal from Prefecture;complete;5/5/03 12:00 AM
171002;N45973;Receive Result Appeal from Prefecture;complete;4/22/03 12:00 AM
171173;N46032;Receive Result Appeal from Prefecture;complete;7/10/03 12:00 AM
171279;N46069;Receive Result Appeal from Prefecture;complete;4/22/03 12:00 AM
171339;N46088;Receive Result Appeal from Prefecture;complete;6/26/03 12:00 AM
171589;N46226;Receive Result Appeal from Prefecture;complete;10/6/03 12:00 AM
172817;N46918;Receive Result Appeal from Prefecture;complete;7/30/03 12:00 AM
173698;N47248;Receive Result Appeal from Prefecture;complete;7/30/03 12:00 AM
173961;N47342;Receive Result Appeal from Prefecture;complete;12/22/03 12:00 AM
175047;N47801;Receive Result Appeal from Prefecture;complete;7/30/03 12:00 AM
180048;N49905;Receive Result Appeal from Prefecture;complete;6/18/04 12:00 AM
180726;N50264;Receive Result Appeal from Prefecture;complete;3/31/04 12:00 AM
181122;N50510;Receive Result Appeal from Prefecture;complete;3/26/04 12:00 AM
181489;N50677;Receive Result Appeal from Prefecture;complete;3/26/04 12:00 AM
181498;N50683;Receive Result Appeal from Prefecture;complete;3/26/04 12:00 AM
181762;N51006;Receive Result Appeal from Prefecture;complete;3/31/04 12:00 AM
183251;N52764;Receive Result Appeal from Prefecture;complete;5/13/05 12:00 AM
183552;N52887;Receive Result Appeal from Prefecture;complete;1/28/05 12:00 AM
183703;N52945;Receive Result Appeal from Prefecture;complete;12/7/04 12:00 AM
184203;N53141;Receive Result Appeal from Prefecture;complete;1/18/05 12:00 AM
185037;N53526;Receive Result Appeal from Prefecture;complete;12/15/04 12:00 AM
185550;N53886;Receive Result Appeal from Prefecture;complete;4/22/05 12:00 AM
185599;N53905;Receive Result Appeal from Prefecture;complete;1/28/05 12:00 AM
186528;N55182;Receive Result Appeal from Prefecture;complete;1/14/05 12:00 AM
186554;N55192;Receive Result Appeal from Prefecture;complete;2/15/05 12:00 AM
187604;N56034;Receive Result Appeal from Prefecture;complete;2/15/05 12:00 AM
187684;N56091;Receive Result Appeal from Prefecture;complete;2/4/05 12:00 AM
188089;N56245;Receive Result Appeal from Prefecture;complete;3/22/05 12:00 AM
188128;N56255;Receive Result Appeal from Prefecture;complete;4/22/05 12:00 AM
188283;N56304;Receive Result Appeal from Prefecture;complete;2/4/05 12:00 AM
188696;N56505;Receive Result Appeal from Prefecture;complete;3/15/05 12:00 AM
188910;N56621;Receive Result Appeal from Prefecture;complete;4/8/05 12:00 AM
189388;N56805;Receive Result Appeal from Prefecture;complete;6/28/05 12:00 AM
189463;N56834;Receive Result Appeal from Prefecture;complete;4/5/05 12:00 AM
189559;N56882;Receive Result Appeal from Prefecture;complete;7/29/05 12:00 AM
189638;N56915;Receive Result Appeal from Prefecture;complete;4/5/05 12:00 AM
189846;N57002;Receive Result Appeal from Prefecture;complete;7/29/05 12:00 AM
190255;N57230;Receive Result Appeal from Prefecture;complete;9/26/05 12:00 AM
190640;N57383;Receive Result Appeal from Prefecture;complete;4/8/05 12:00 AM
190702;N57403;Receive Result Appeal from Prefecture;complete;5/24/05 12:00 AM
191177;N57598;Receive Result Appeal from Prefecture;complete;3/15/05 12:00 AM
191651;N57760;Receive Result Appeal from Prefecture;complete;4/8/05 12:00 AM
192606;N58131;Receive Result Appeal from Prefecture;complete;1/18/05 12:00 AM
192630;N58140;Receive Result Appeal from Prefecture;complete;5/24/05 12:00 AM
193418;N58515;Receive Result Appeal from Prefecture;complete;5/24/05 12:00 AM
193767;N58662;Receive Result Appeal from Prefecture;complete;4/29/05 12:00 AM
195805;N59523;Receive Result Appeal from Prefecture;complete;6/21/05 12:00 AM
196401;N59763;Receive Result Appeal from Prefecture;complete;5/24/05 12:00 AM
197254;N60205;Receive Result Appeal from Prefecture;complete;5/24/05 12:00 AM
197322;N60247;Receive Result Appeal from Prefecture;complete;9/26/05 12:00 AM
197447;N60309;Receive Result Appeal from Prefecture;complete;8/2/05 12:00 AM
197625;N60368;Receive Result Appeal from Prefecture;complete;7/8/05 12:00 AM
198044;N60514;Receive Result Appeal from Prefecture;complete;6/21/05 12:00 AM
198289;N60609;Receive Result Appeal from Prefecture;complete;4/22/05 12:00 AM
198449;N60673;Receive Result Appeal from Prefecture;complete;8/31/05 12:00 AM
198460;N60677;Receive Result Appeal from Prefecture;complete;4/8/05 12:00 AM
198949;N60867;Receive Result Appeal from Prefecture;complete;8/8/05 12:00 AM
199178;N60977;Receive Result Appeal from Prefecture;complete;4/22/05 12:00 AM
199294;N61016;Receive Result Appeal from Prefecture;complete;7/8/05 12:00 AM
199327;N61028;Receive Result Appeal from Prefecture;complete;4/8/05 12:00 AM
199900;N61279;Receive Result Appeal from Prefecture;complete;4/8/05 12:00 AM
199977;N61319;Receive Result Appeal from Prefecture;complete;5/6/05 12:00 AM
200125;N61376;Receive Result Appeal from Prefecture;complete;9/1/05 12:00 AM
200294;N61437;Receive Result Appeal from Prefecture;complete;4/22/05 12:00 AM
201338;N61884;Receive Result Appeal from Prefecture;complete;8/2/05 12:00 AM
201617;N62001;Receive Result Appeal from Prefecture;complete;4/22/05 12:00 AM
202657;N62389;Receive Result Appeal from Prefecture;complete;6/7/05 12:00 AM
203698;N62809;Receive Result Appeal from Prefecture;complete;4/29/05 12:00 AM
204239;N63049;Receive Result Appeal from Prefecture;complete;6/7/05 12:00 AM
205682;N63705;Receive Result Appeal from Prefecture;complete;3/22/05 12:00 AM
208679;N65786;Receive Result Appeal from Prefecture;complete;7/6/05 12:00 AM
210558;N66715;Receive Result Appeal from Prefecture;complete;9/6/05 12:00 AM
210944;N66857;Receive Result Appeal from Prefecture;complete;9/6/05 12:00 AM
211346;N67034;Receive Result Appeal from Prefecture;complete;7/6/05 12:00 AM
212046;N67303;Receive Result Appeal from Prefecture;complete;9/6/05 12:00 AM
212434;N67607;Receive Result Appeal from Prefecture;complete;9/26/05 12:00 AM
212721;N67790;Receive Result Appeal from Prefecture;complete;9/6/05 12:00 AM
213211;N68185;Receive Result Appeal from Prefecture;complete;9/9/05 12:00 AM
213651;N68456;Receive Result Appeal from Prefecture;complete;9/26/05 12:00 AM
215216;N69270;Receive Result Appeal from Prefecture;complete;3/2/06 12:00 AM
216096;N69972;Receive Result Appeal from Prefecture;complete;9/26/05 12:00 AM
216763;N70414;Receive Result Appeal from Prefecture;complete;10/13/05 12:00 AM
216846;N70498;Receive Result Appeal from Prefecture;complete;10/3/05 12:00 AM
216928;N70523;Receive Result Appeal from Prefecture;complete;10/13/05 12:00 AM
217115;N70629;Receive Result Appeal from Prefecture;complete;10/28/05 12:00 AM
218371;N71205;Receive Result Appeal from Prefecture;complete;10/28/05 12:00 AM
219184;N71694;Receive Result Appeal from Prefecture;complete;2/7/07 12:00 AM
219424;N71771;Receive Result Appeal from Prefecture;complete;2/10/06 12:00 AM
219712;N71893;Receive Result Appeal from Prefecture;complete;7/4/06 12:00 AM
220462;N72326;Receive Result Appeal from Prefecture;complete;10/28/05 12:00 AM
222181;N73244;Receive Result Appeal from Prefecture;complete;12/28/05 12:00 AM
223078;N73829;Receive Result Appeal from Prefecture;complete;12/28/05 12:00 AM
224686;N74611;Receive Result Appeal from Prefecture;complete;6/19/06 12:00 AM
225081;N74775;Receive Result Appeal from Prefecture;complete;2/17/06 12:00 AM
225519;N75057;Receive Result Appeal from Prefecture;complete;12/30/05 12:00 AM
228024;N77137;Receive Result Appeal from Prefecture;complete;3/2/06 12:00 AM
228276;N77237;Receive Result Appeal from Prefecture;complete;3/2/06 12:00 AM
228573;N77357;Receive Result Appeal from Prefecture;complete;5/19/06 12:00 AM
228582;N77358;Receive Result Appeal from Prefecture;complete;6/19/06 12:00 AM
229192;N77653;Receive Result Appeal from Prefecture;complete;12/13/05 12:00 AM
229533;N77806;Receive Result Appeal from Prefecture;complete;10/28/05 12:00 AM
230162;N78094;Receive Result Appeal from Prefecture;complete;10/28/05 12:00 AM
230784;N78442;Receive Result Appeal from Prefecture;complete;6/8/06 12:00 AM
231225;N78749;Receive Result Appeal from Prefecture;complete;2/17/06 12:00 AM
231266;N78768;Receive Result Appeal from Prefecture;complete;2/17/06 12:00 AM
231301;N78790;Receive Result Appeal from Prefecture;complete;12/28/05 12:00 AM
231439;N78887;Receive Result Appeal from Prefecture;complete;6/7/06 12:00 AM
232096;N79221;Receive Result Appeal from Prefecture;complete;2/17/06 12:00 AM
232176;N79255;Receive Result Appeal from Prefecture;complete;12/28/05 12:00 AM
232833;N79665;Receive Result Appeal from Prefecture;complete;5/28/06 12:00 AM
232857;N79670;Receive Result Appeal from Prefecture;complete;6/7/06 12:00 AM
234751;N81094;Receive Result Appeal from Prefecture;complete;5/19/06 12:00 AM
235025;N81214;Receive Result Appeal from Prefecture;complete;5/28/06 12:00 AM
235112;N81255;Receive Result Appeal from Prefecture;complete;2/17/06 12:00 AM
235163;N81275;Receive Result Appeal from Prefecture;complete;6/6/06 12:00 AM
235515;N81473;Receive Result Appeal from Prefecture;complete;5/28/06 12:00 AM
235592;N81502;Receive Result Appeal from Prefecture;complete;6/7/06 12:00 AM
236296;N81808;Receive Result Appeal from Prefecture;complete;5/28/06 12:00 AM
236308;N81810;Receive Result Appeal from Prefecture;complete;6/7/06 12:00 AM
237005;N82103;Receive Result Appeal from Prefecture;complete;7/4/06 12:00 AM
237077;N82144;Receive Result Appeal from Prefecture;complete;5/28/06 12:00 AM
237725;N82439;Receive Result Appeal from Prefecture;complete;5/19/06 12:00 AM
237754;N82449;Receive Result Appeal from Prefecture;complete;3/2/06 12:00 AM
238057;N82591;Receive Result Appeal from Prefecture;complete;6/19/06 12:00 AM
238692;N82875;Receive Result Appeal from Prefecture;complete;6/19/06 12:00 AM
239084;N83048;Receive Result Appeal from Prefecture;complete;5/19/06 12:00 AM
239430;N83214;Receive Result Appeal from Prefecture;complete;5/19/06 12:00 AM
241300;N84090;Receive Result Appeal from Prefecture;complete;9/1/06 12:00 AM
242633;N84787;Receive Result Appeal from Prefecture;complete;7/4/06 12:00 AM
245284;N86009;Receive Result Appeal from Prefecture;complete;6/8/06 12:00 AM
245460;N86100;Receive Result Appeal from Prefecture;complete;7/19/06 12:00 AM
246576;N86607;Receive Result Appeal from Prefecture;complete;8/1/06 12:00 AM
246670;N86663;Receive Result Appeal from Prefecture;complete;7/25/06 12:00 AM
247196;N86941;Receive Result Appeal from Prefecture;complete;7/4/06 12:00 AM
247527;N87114;Receive Result Appeal from Prefecture;complete;9/28/06 12:00 AM
249586;N88123;Receive Result Appeal from Prefecture;complete;6/29/06 12:00 AM
251118;N88920;Receive Result Appeal from Prefecture;complete;9/28/06 12:00 AM
251615;N89156;Receive Result Appeal from Prefecture;complete;8/4/06 12:00 AM
251646;N89169;Receive Result Appeal from Prefecture;complete;9/1/06 12:00 AM
254920;N91819;Receive Result Appeal from Prefecture;complete;4/10/07 12:00 AM
256710;N92914;Receive Result Appeal from Prefecture;complete;11/20/06 12:00 AM
257638;N93643;Receive Result Appeal from Prefecture;complete;10/24/06 12:00 AM
258613;N94215;Receive Result Appeal from Prefecture;complete;11/20/06 12:00 AM
258931;N94364;Receive Result Appeal from Prefecture;complete;2/7/07 12:00 AM
259176;N94472;Receive Result Appeal from Prefecture;complete;2/7/07 12:00 AM
259479;N94606;Receive Result Appeal from Prefecture;complete;11/20/06 12:00 AM
260311;N94998;Receive Result Appeal from Prefecture;complete;11/17/06 12:00 AM
260654;N95123;Receive Result Appeal from Prefecture;complete;3/6/07 12:00 AM
261153;N95383;Receive Result Appeal from Prefecture;complete;2/7/07 12:00 AM
261606;N95560;Receive Result Appeal from Prefecture;complete;10/24/06 12:00 AM
262109;N95813;Receive Result Appeal from Prefecture;complete;2/14/07 12:00 AM
262124;N95819;Receive Result Appeal from Prefecture;complete;4/6/07 12:00 AM
262717;N96087;Receive Result Appeal from Prefecture;complete;2/7/07 12:00 AM
262948;N96209;Receive Result Appeal from Prefecture;complete;2/14/07 12:00 AM
263074;N96265;Receive Result Appeal from Prefecture;complete;2/9/07 12:00 AM
263375;N96404;Receive Result Appeal from Prefecture;complete;2/9/07 12:00 AM
264980;N97189;Receive Result Appeal from Prefecture;complete;4/10/07 12:00 AM
264988;N97190;Receive Result Appeal from Prefecture;complete;4/16/07 12:00 AM
265134;N97252;Receive Result Appeal from Prefecture;complete;3/8/07 12:00 AM
266354;N97833;Receive Result Appeal from Prefecture;complete;6/25/07 12:00 AM
268079;N98614;Receive Result Appeal from Prefecture;complete;4/16/07 12:00 AM
268333;N98723;Receive Result Appeal from Prefecture;complete;4/30/07 12:00 AM
268359;N98730;Receive Result Appeal from Prefecture;complete;3/6/07 12:00 AM
268428;N98750;Receive Result Appeal from Prefecture;complete;6/13/07 12:00 AM
268830;N98923;Receive Result Appeal from Prefecture;complete;6/22/07 12:00 AM
268963;N98979;Receive Result Appeal from Prefecture;complete;3/8/07 12:00 AM
269075;N99038;Receive Result Appeal from Prefecture;complete;3/6/07 12:00 AM
269328;N99145;Receive Result Appeal from Prefecture;complete;3/12/07 12:00 AM
270354;N99647;Receive Result Appeal from Prefecture;complete;10/1/07 12:00 AM
270604;N99788;Receive Result Appeal from Prefecture;complete;3/1/07 12:00 AM
270928;N99929;Receive Result Appeal from Prefecture;complete;2/28/07 12:00 AM
271005;N99957;Receive Result Appeal from Prefecture;complete;2/28/07 12:00 AM
272012;P14;Receive Result Appeal from Prefecture;complete;2/15/12 12:00 AM
272216;P1490;Receive Result Appeal from Prefecture;complete;2/13/12 12:00 AM
272268;P1505;Receive Result Appeal from Prefecture;complete;4/11/12 12:00 AM
272927;P1762;Receive Result Appeal from Prefecture;complete;4/10/12 12:00 AM
272950;P1769;Receive Result Appeal from Prefecture;complete;4/11/12 12:00 AM
273276;P1978;Receive Result Appeal from Prefecture;complete;2/27/13 12:00 AM
273296;P20;Receive Result Appeal from Prefecture;complete;2/15/12 12:00 AM
275018;P2779;Receive Result Appeal from Prefecture;complete;5/11/12 12:00 AM
276079;P3316;Receive Result Appeal from Prefecture;complete;5/10/13 12:00 AM
277643;P4546;Receive Result Appeal from Prefecture;complete;3/26/13 12:00 AM
278092;P5092;Receive Result Appeal from Prefecture;complete;5/10/13 12:00 AM
278701;P568;Receive Result Appeal from Prefecture;complete;2/13/12 12:00 AM
279829;P809;Receive Result Appeal from Prefecture;complete;5/3/12 12:00 AM
282614;S101858;Receive Result Appeal from Prefecture;complete;12/13/05 12:00 AM
283439;S102549;Receive Result Appeal from Prefecture;complete;7/4/06 12:00 AM
284428;S103711;Receive Result Appeal from Prefecture;complete;3/2/06 12:00 AM
286539;S105159;Receive Result Appeal from Prefecture;complete;3/2/06 12:00 AM
286625;S105196;Receive Result Appeal from Prefecture;complete;3/2/06 12:00 AM
287773;S105816;Receive Result Appeal from Prefecture;complete;6/19/06 12:00 AM
288463;S106226;Receive Result Appeal from Prefecture;complete;5/19/06 12:00 AM
288767;S106378;Receive Result Appeal from Prefecture;complete;6/19/06 12:00 AM
288919;S106503;Receive Result Appeal from Prefecture;complete;4/30/07 12:00 AM
288957;S106514;Receive Result Appeal from Prefecture;complete;8/8/07 12:00 AM
289019;S106562;Receive Result Appeal from Prefecture;complete;5/22/06 12:00 AM
289334;S106714;Receive Result Appeal from Prefecture;complete;6/19/06 12:00 AM
290877;S107633;Receive Result Appeal from Prefecture;complete;6/19/06 12:00 AM
291827;S108166;Receive Result Appeal from Prefecture;complete;7/4/06 12:00 AM
291961;S108264;Receive Result Appeal from Prefecture;complete;6/29/06 12:00 AM
292564;S108592;Receive Result Appeal from Prefecture;complete;6/11/07 12:00 AM
292580;S108599;Receive Result Appeal from Prefecture;complete;5/2/07 12:00 AM
293399;S109106;Receive Result Appeal from Prefecture;complete;7/4/06 12:00 AM
293625;S109222;Receive Result Appeal from Prefecture;complete;10/6/06 12:00 AM
293646;S109229;Receive Result Appeal from Prefecture;complete;11/23/06 12:00 AM
294001;S109515;Receive Result Appeal from Prefecture;complete;1/11/07 12:00 AM
294618;S109955;Receive Result Appeal from Prefecture;complete;10/13/06 12:00 AM
295483;S110740;Receive Result Appeal from Prefecture;complete;11/20/06 12:00 AM
295509;S110762;Receive Result Appeal from Prefecture;complete;11/20/06 12:00 AM
295756;S110874;Receive Result Appeal from Prefecture;complete;4/10/07 12:00 AM
295777;S110886;Receive Result Appeal from Prefecture;complete;5/2/07 12:00 AM
295977;S110987;Receive Result Appeal from Prefecture;complete;5/4/07 12:00 AM
296441;S111240;Receive Result Appeal from Prefecture;complete;3/26/07 12:00 AM
296867;S111463;Receive Result Appeal from Prefecture;complete;7/12/07 12:00 AM
297155;S111662;Receive Result Appeal from Prefecture;complete;2/19/07 12:00 AM
297208;S111699;Receive Result Appeal from Prefecture;complete;4/10/07 12:00 AM
297399;S111806;Receive Result Appeal from Prefecture;complete;2/7/07 12:00 AM
297816;S112040;Receive Result Appeal from Prefecture;complete;5/2/07 12:00 AM
297927;S112091;Receive Result Appeal from Prefecture;complete;10/2/07 12:00 AM
298018;S112135;Receive Result Appeal from Prefecture;complete;5/22/07 12:00 AM
298243;S112303;Receive Result Appeal from Prefecture;complete;5/4/07 12:00 AM
298258;S112310;Receive Result Appeal from Prefecture;complete;3/26/07 12:00 AM
298290;S112318;Receive Result Appeal from Prefecture;complete;3/30/07 12:00 AM
298551;S112474;Receive Result Appeal from Prefecture;complete;4/10/07 12:00 AM
298579;S112486;Receive Result Appeal from Prefecture;complete;11/21/07 12:00 AM
298915;S112679;Receive Result Appeal from Prefecture;complete;6/19/07 12:00 AM
299035;S112732;Receive Result Appeal from Prefecture;complete;3/12/07 12:00 AM
299292;S112876;Receive Result Appeal from Prefecture;complete;6/5/07 12:00 AM
299524;S112976;Receive Result Appeal from Prefecture;complete;5/2/07 12:00 AM
300963;S113862;Receive Result Appeal from Prefecture;complete;4/30/07 12:00 AM
301385;S114128;Receive Result Appeal from Prefecture;complete;4/6/07 12:00 AM
302026;S114508;Receive Result Appeal from Prefecture;complete;8/31/07 12:00 AM
302168;S114589;Receive Result Appeal from Prefecture;complete;9/18/07 12:00 AM
302403;S114719;Receive Result Appeal from Prefecture;complete;6/29/07 12:00 AM
302594;S114813;Receive Result Appeal from Prefecture;complete;3/26/07 12:00 AM
302802;S114917;Receive Result Appeal from Prefecture;complete;7/12/07 12:00 AM
302838;S114927;Receive Result Appeal from Prefecture;complete;6/5/07 12:00 AM
302970;S115041;Receive Result Appeal from Prefecture;complete;5/22/07 12:00 AM
303021;S115066;Receive Result Appeal from Prefecture;complete;6/25/07 12:00 AM
303548;S115424;Receive Result Appeal from Prefecture;complete;6/22/07 12:00 AM
304349;S115930;Receive Result Appeal from Prefecture;complete;4/10/07 12:00 AM
304494;S115992;Receive Result Appeal from Prefecture;complete;8/1/07 12:00 AM
304800;S116185;Receive Result Appeal from Prefecture;complete;4/10/07 12:00 AM
304938;S116262;Receive Result Appeal from Prefecture;complete;8/1/07 12:00 AM
305145;S116610;Receive Result Appeal from Prefecture;complete;6/29/07 12:00 AM
305490;S117098;Receive Result Appeal from Prefecture;complete;10/1/07 12:00 AM
305643;S117276;Receive Result Appeal from Prefecture;complete;11/21/07 12:00 AM
305797;S117397;Receive Result Appeal from Prefecture;complete;2/1/08 12:00 AM
305841;S117426;Receive Result Appeal from Prefecture;complete;8/6/07 12:00 AM
306060;S117574;Receive Result Appeal from Prefecture;complete;1/31/08 12:00 AM
306819;S118003;Receive Result Appeal from Prefecture;complete;8/6/07 12:00 AM
307267;S118269;Receive Result Appeal from Prefecture;complete;9/5/07 12:00 AM
308205;S119011;Receive Result Appeal from Prefecture;complete;2/29/08 12:00 AM
308506;S119181;Receive Result Appeal from Prefecture;complete;11/12/07 12:00 AM
308989;S119490;Receive Result Appeal from Prefecture;complete;12/12/07 12:00 AM
310236;S120199;Receive Result Appeal from Prefecture;complete;2/24/09 12:00 AM
310303;S120250;Receive Result Appeal from Prefecture;complete;2/27/08 12:00 AM
311274;S120795;Receive Result Appeal from Prefecture;complete;5/28/08 12:00 AM
311911;S121172;Receive Result Appeal from Prefecture;complete;5/26/08 12:00 AM
312347;S121403;Receive Result Appeal from Prefecture;complete;4/22/08 12:00 AM
314405;S122495;Receive Result Appeal from Prefecture;complete;5/29/08 12:00 AM
314623;S122630;Receive Result Appeal from Prefecture;complete;12/4/08 12:00 AM
315122;S122908;Receive Result Appeal from Prefecture;complete;5/28/08 12:00 AM
315257;S122975;Receive Result Appeal from Prefecture;complete;3/26/08 12:00 AM
317092;S124069;Receive Result Appeal from Prefecture;complete;11/27/08 12:00 AM
317465;S124255;Receive Result Appeal from Prefecture;complete;12/4/08 12:00 AM
318608;S124863;Receive Result Appeal from Prefecture;complete;1/21/09 12:00 AM
318838;S124964;Receive Result Appeal from Prefecture;complete;11/6/08 12:00 AM
319330;S125225;Receive Result Appeal from Prefecture;complete;11/6/08 12:00 AM
319474;S125323;Receive Result Appeal from Prefecture;complete;2/27/09 12:00 AM
320770;S126017;Receive Result Appeal from Prefecture;complete;3/9/09 12:00 AM
320887;S126072;Receive Result Appeal from Prefecture;complete;4/30/09 12:00 AM
321274;S126273;Receive Result Appeal from Prefecture;complete;2/3/09 12:00 AM
321360;S126311;Receive Result Appeal from Prefecture;complete;2/19/09 12:00 AM
321979;S126632;Receive Result Appeal from Prefecture;complete;1/24/09 12:00 AM
322249;S126745;Receive Result Appeal from Prefecture;complete;4/30/09 12:00 AM
322443;S126847;Receive Result Appeal from Prefecture;complete;2/6/09 12:00 AM
322743;S127033;Receive Result Appeal from Prefecture;complete;4/30/09 12:00 AM
324200;S127899;Receive Result Appeal from Prefecture;complete;12/14/09 12:00 AM
324542;S128062;Receive Result Appeal from Prefecture;complete;2/13/09 12:00 AM
324845;S128219;Receive Result Appeal from Prefecture;complete;4/30/09 12:00 AM
325259;S128428;Receive Result Appeal from Prefecture;complete;3/8/10 12:00 AM
328346;S130067;Receive Result Appeal from Prefecture;complete;5/4/09 12:00 AM
328435;S130130;Receive Result Appeal from Prefecture;complete;5/4/09 12:00 AM
330073;S131074;Receive Result Appeal from Prefecture;complete;12/31/09 12:00 AM
330776;S131429;Receive Result Appeal from Prefecture;complete;9/9/09 12:00 AM
330925;S131489;Receive Result Appeal from Prefecture;complete;6/12/09 12:00 AM
331225;S131717;Receive Result Appeal from Prefecture;complete;9/18/09 12:00 AM
335602;S134395;Receive Result Appeal from Prefecture;complete;12/11/09 12:00 AM
336883;S135068;Receive Result Appeal from Prefecture;complete;11/3/10 12:00 AM
338456;S135868;Receive Result Appeal from Prefecture;complete;12/31/09 12:00 AM
338721;S136029;Receive Result Appeal from Prefecture;complete;11/30/09 12:00 AM
339899;S136662;Receive Result Appeal from Prefecture;complete;11/3/09 12:00 AM
340198;S136823;Receive Result Appeal from Prefecture;complete;3/9/10 12:00 AM
340313;S136885;Receive Result Appeal from Prefecture;complete;3/8/10 12:00 AM
341273;S137407;Receive Result Appeal from Prefecture;complete;3/8/10 12:00 AM
341975;S137781;Receive Result Appeal from Prefecture;complete;1/29/10 12:00 AM
342048;S137801;Receive Result Appeal from Prefecture;complete;11/3/09 12:00 AM
342098;S137821;Receive Result Appeal from Prefecture;complete;3/8/10 12:00 AM
342750;S138146;Receive Result Appeal from Prefecture;complete;12/31/09 12:00 AM
344183;S138847;Receive Result Appeal from Prefecture;complete;3/9/10 12:00 AM
344962;S139212;Receive Result Appeal from Prefecture;complete;6/18/10 12:00 AM
347234;S140449;Receive Result Appeal from Prefecture;complete;6/21/10 12:00 AM
347477;S140553;Receive Result Appeal from Prefecture;complete;1/29/10 12:00 AM
349025;S141387;Receive Result Appeal from Prefecture;complete;2/3/11 12:00 AM
349661;S141719;Receive Result Appeal from Prefecture;complete;4/13/10 12:00 AM
350182;S141999;Receive Result Appeal from Prefecture;complete;1/29/10 12:00 AM
350360;S142137;Receive Result Appeal from Prefecture;complete;9/27/10 12:00 AM
351405;S142659;Receive Result Appeal from Prefecture;complete;5/5/10 12:00 AM
352313;S143148;Receive Result Appeal from Prefecture;complete;3/10/11 12:00 AM
352349;S143166;Receive Result Appeal from Prefecture;complete;9/16/10 12:00 AM
352451;S143222;Receive Result Appeal from Prefecture;complete;12/31/09 12:00 AM
352479;S143232;Receive Result Appeal from Prefecture;complete;6/21/10 12:00 AM
352558;S143259;Receive Result Appeal from Prefecture;complete;6/11/10 12:00 AM
353503;S143841;Receive Result Appeal from Prefecture;complete;7/8/10 12:00 AM
354868;S144527;Receive Result Appeal from Prefecture;complete;11/5/10 12:00 AM
355849;S145058;Receive Result Appeal from Prefecture;complete;9/15/11 12:00 AM
356772;S145559;Receive Result Appeal from Prefecture;complete;8/19/10 12:00 AM
357136;S145775;Receive Result Appeal from Prefecture;complete;6/14/10 12:00 AM
357153;S145785;Receive Result Appeal from Prefecture;complete;5/3/10 12:00 AM
357198;S145804;Receive Result Appeal from Prefecture;complete;6/15/10 12:00 AM
357326;S145880;Receive Result Appeal from Prefecture;complete;6/15/10 12:00 AM
357659;S146047;Receive Result Appeal from Prefecture;complete;10/5/10 12:00 AM
357719;S146071;Receive Result Appeal from Prefecture;complete;8/20/10 12:00 AM
358354;S146434;Receive Result Appeal from Prefecture;complete;4/13/10 12:00 AM
361302;S148095;Receive Result Appeal from Prefecture;complete;4/1/11 12:00 AM
364700;S149903;Receive Result Appeal from Prefecture;complete;10/18/10 12:00 AM
369205;S152262;Receive Result Appeal from Prefecture;complete;2/3/11 12:00 AM
370413;S152848;Receive Result Appeal from Prefecture;complete;7/17/11 12:00 AM
370914;S153098;Receive Result Appeal from Prefecture;complete;11/8/10 12:00 AM
371539;S153410;Receive Result Appeal from Prefecture;complete;1/12/11 12:00 AM
371687;S153467;Receive Result Appeal from Prefecture;complete;2/22/11 12:00 AM
373349;S154214;Receive Result Appeal from Prefecture;complete;2/24/11 12:00 AM
373360;S154222;Receive Result Appeal from Prefecture;complete;2/22/11 12:00 AM
373826;S154460;Receive Result Appeal from Prefecture;complete;3/3/11 12:00 AM
374299;S154697;Receive Result Appeal from Prefecture;complete;3/1/11 12:00 AM
374489;S154803;Receive Result Appeal from Prefecture;complete;7/17/11 12:00 AM
374502;S154810;Receive Result Appeal from Prefecture;complete;2/18/11 12:00 AM
375133;S155130;Receive Result Appeal from Prefecture;complete;4/18/11 12:00 AM
375332;S155224;Receive Result Appeal from Prefecture;complete;2/2/11 12:00 AM
377075;S156072;Receive Result Appeal from Prefecture;complete;3/3/11 12:00 AM
379041;S157075;Receive Result Appeal from Prefecture;complete;7/20/11 12:00 AM
379109;S157107;Receive Result Appeal from Prefecture;complete;4/18/11 12:00 AM
379489;S157297;Receive Result Appeal from Prefecture;complete;3/18/11 12:00 AM
379946;S157544;Receive Result Appeal from Prefecture;complete;2/17/12 12:00 AM
380874;S158114;Receive Result Appeal from Prefecture;complete;4/1/11 12:00 AM
380935;S158140;Receive Result Appeal from Prefecture;complete;9/20/11 12:00 AM
381866;S158671;Receive Result Appeal from Prefecture;complete;4/18/11 12:00 AM
383456;S159547;Receive Result Appeal from Prefecture;complete;7/17/11 12:00 AM
383504;S159563;Receive Result Appeal from Prefecture;complete;7/17/11 12:00 AM
384213;S159923;Receive Result Appeal from Prefecture;complete;5/3/11 12:00 AM
385287;S160509;Receive Result Appeal from Prefecture;complete;7/27/11 12:00 AM
386549;S161122;Receive Result Appeal from Prefecture;complete;5/3/12 12:00 AM
387340;S161548;Receive Result Appeal from Prefecture;complete;9/15/11 12:00 AM
387931;S161865;Receive Result Appeal from Prefecture;complete;11/4/11 12:00 AM
388207;S162016;Receive Result Appeal from Prefecture;complete;5/3/11 12:00 AM
388966;S162426;Receive Result Appeal from Prefecture;complete;7/25/11 12:00 AM
389063;S162460;Receive Result Appeal from Prefecture;complete;11/11/11 12:00 AM
389162;S162504;Receive Result Appeal from Prefecture;complete;4/19/11 12:00 AM
390708;S163372;Receive Result Appeal from Prefecture;complete;11/14/11 12:00 AM
391919;S164068;Receive Result Appeal from Prefecture;complete;7/27/11 12:00 AM
392363;S164297;Receive Result Appeal from Prefecture;complete;11/4/11 12:00 AM
393517;S165015;Receive Result Appeal from Prefecture;complete;1/17/12 12:00 AM
393596;S165058;Receive Result Appeal from Prefecture;complete;2/14/12 12:00 AM
393891;S165199;Receive Result Appeal from Prefecture;complete;1/31/12 12:00 AM
394121;S165320;Receive Result Appeal from Prefecture;complete;9/14/11 12:00 AM
394233;S165363;Receive Result Appeal from Prefecture;complete;9/14/11 12:00 AM
394696;S165623;Receive Result Appeal from Prefecture;complete;2/7/12 12:00 AM
394795;S165670;Receive Result Appeal from Prefecture;complete;9/7/11 12:00 AM
394838;S165689;Receive Result Appeal from Prefecture;complete;9/15/11 12:00 AM
396343;S166431;Receive Result Appeal from Prefecture;complete;1/17/12 12:00 AM
396523;S166521;Receive Result Appeal from Prefecture;complete;11/14/11 12:00 AM
396959;S166756;Receive Result Appeal from Prefecture;complete;2/8/12 12:00 AM
397093;S166806;Receive Result Appeal from Prefecture;complete;1/17/12 12:00 AM
398163;S167405;Receive Result Appeal from Prefecture;complete;1/17/12 12:00 AM
398284;S167474;Receive Result Appeal from Prefecture;complete;10/28/11 12:00 AM
398691;S167642;Receive Result Appeal from Prefecture;complete;5/3/12 12:00 AM
398811;S167695;Receive Result Appeal from Prefecture;complete;3/2/12 12:00 AM
399272;S167950;Receive Result Appeal from Prefecture;complete;3/2/12 12:00 AM
400527;S168593;Receive Result Appeal from Prefecture;complete;4/11/12 12:00 AM
401422;S169021;Receive Result Appeal from Prefecture;complete;5/3/12 12:00 AM
401919;S169273;Receive Result Appeal from Prefecture;complete;2/14/12 12:00 AM
401998;S169296;Receive Result Appeal from Prefecture;complete;2/21/12 12:00 AM
402943;S169749;Receive Result Appeal from Prefecture;complete;5/3/12 12:00 AM
403534;S170021;Receive Result Appeal from Prefecture;complete;1/31/12 12:00 AM
404034;S170249;Receive Result Appeal from Prefecture;complete;4/11/12 12:00 AM
404233;S170396;Receive Result Appeal from Prefecture;complete;3/23/12 12:00 AM
404560;S170542;Receive Result Appeal from Prefecture;complete;1/31/12 12:00 AM
405044;S170849;Receive Result Appeal from Prefecture;complete;1/31/12 12:00 AM
406090;S171398;Receive Result Appeal from Prefecture;complete;2/17/12 12:00 AM
406404;S171543;Receive Result Appeal from Prefecture;complete;3/27/12 12:00 AM
406429;S171550;Receive Result Appeal from Prefecture;complete;4/12/12 12:00 AM
406969;S171808;Receive Result Appeal from Prefecture;complete;5/11/12 12:00 AM
408011;S172353;Receive Result Appeal from Prefecture;complete;4/10/12 12:00 AM
408300;S172519;Receive Result Appeal from Prefecture;complete;3/26/12 12:00 AM
408464;S172594;Receive Result Appeal from Prefecture;complete;2/8/12 12:00 AM
408648;S172677;Receive Result Appeal from Prefecture;complete;5/31/12 12:00 AM
408951;S172861;Receive Result Appeal from Prefecture;complete;2/20/12 12:00 AM
409377;S173066;Receive Result Appeal from Prefecture;complete;3/23/12 12:00 AM
412168;S174500;Receive Result Appeal from Prefecture;complete;4/27/12 12:00 AM
413238;S175124;Receive Result Appeal from Prefecture;complete;3/13/12 12:00 AM
413534;S175295;Receive Result Appeal from Prefecture;complete;5/11/12 12:00 AM
413849;S175475;Receive Result Appeal from Prefecture;complete;4/27/12 12:00 AM
414499;S175815;Receive Result Appeal from Prefecture;complete;3/27/12 12:00 AM
414630;S175873;Receive Result Appeal from Prefecture;complete;3/27/12 12:00 AM
415008;S176080;Receive Result Appeal from Prefecture;complete;11/20/12 12:00 AM
415129;S176180;Receive Result Appeal from Prefecture;complete;4/12/12 12:00 AM
415767;S176533;Receive Result Appeal from Prefecture;complete;7/15/12 12:00 AM
415789;S176553;Receive Result Appeal from Prefecture;complete;5/11/12 12:00 AM
416347;S177161;Receive Result Appeal from Prefecture;complete;5/18/12 12:00 AM
416831;S177486;Receive Result Appeal from Prefecture;complete;11/9/12 12:00 AM
417475;S177952;Receive Result Appeal from Prefecture;complete;5/17/12 12:00 AM
417561;S177983;Receive Result Appeal from Prefecture;complete;8/7/12 12:00 AM
418270;S178522;Receive Result Appeal from Prefecture;complete;7/20/12 12:00 AM
418703;S179082;Receive Result Appeal from Prefecture;complete;10/30/12 12:00 AM
418894;S179304;Receive Result Appeal from Prefecture;complete;8/7/12 12:00 AM
419328;S180067;Receive Result Appeal from Prefecture;complete;10/2/12 12:00 AM
419447;S180197;Receive Result Appeal from Prefecture;complete;2/27/13 12:00 AM
419486;S180251;Receive Result Appeal from Prefecture;complete;10/2/12 12:00 AM
419506;S180259;Receive Result Appeal from Prefecture;complete;9/18/12 12:00 AM
419703;S180596;Receive Result Appeal from Prefecture;complete;10/23/12 12:00 AM
419717;S180611;Receive Result Appeal from Prefecture;complete;2/27/13 12:00 AM
419738;S180627;Receive Result Appeal from Prefecture;complete;2/8/13 12:00 AM
419922;S180861;Receive Result Appeal from Prefecture;complete;2/8/13 12:00 AM
420095;S181137;Receive Result Appeal from Prefecture;complete;11/2/12 12:00 AM
420948;S182272;Receive Result Appeal from Prefecture;complete;3/18/13 12:00 AM
421247;S182746;Receive Result Appeal from Prefecture;complete;11/9/12 12:00 AM
421447;S183042;Receive Result Appeal from Prefecture;complete;11/20/12 12:00 AM
422130;S184035;Receive Result Appeal from Prefecture;complete;2/28/13 12:00 AM
422290;S184273;Receive Result Appeal from Prefecture;complete;4/4/13 12:00 AM
422516;S184643;Receive Result Appeal from Prefecture;complete;4/4/13 12:00 AM
422530;S184665;Receive Result Appeal from Prefecture;complete;3/13/13 12:00 AM
422588;S184737;Receive Result Appeal from Prefecture;complete;4/4/13 12:00 AM
422966;S185375;Receive Result Appeal from Prefecture;complete;4/4/13 12:00 AM
423041;S185476;Receive Result Appeal from Prefecture;complete;5/10/13 12:00 AM
423242;S185779;Receive Result Appeal from Prefecture;complete;3/20/13 12:00 AM
423276;S185824;Receive Result Appeal from Prefecture;complete;6/14/13 12:00 AM
423459;S186066;Receive Result Appeal from Prefecture;complete;3/21/13 12:00 AM
423615;S186236;Receive Result Appeal from Prefecture;complete;6/14/13 12:00 AM
423796;S186484;Receive Result Appeal from Prefecture;complete;3/13/13 12:00 AM
423804;S186487;Receive Result Appeal from Prefecture;complete;5/3/13 12:00 AM
424534;S187549;Receive Result Appeal from Prefecture;complete;5/3/13 12:00 AM
424636;S187750;Receive Result Appeal from Prefecture;complete;3/21/13 12:00 AM
424699;S187820;Receive Result Appeal from Prefecture;complete;3/20/13 12:00 AM
425075;S188281;Receive Result Appeal from Prefecture;complete;5/3/13 12:00 AM
425301;S188608;Receive Result Appeal from Prefecture;complete;3/25/13 12:00 AM
425380;S188714;Receive Result Appeal from Prefecture;complete;5/10/13 12:00 AM
425403;S188739;Receive Result Appeal from Prefecture;complete;3/25/13 12:00 AM
425538;S188905;Receive Result Appeal from Prefecture;complete;3/21/13 12:00 AM
425556;S188928;Receive Result Appeal from Prefecture;complete;2/27/13 12:00 AM
425909;S189658;Receive Result Appeal from Prefecture;complete;5/3/13 12:00 AM
425946;S189721;Receive Result Appeal from Prefecture;complete;5/3/13 12:00 AM
426013;S189847;Receive Result Appeal from Prefecture;complete;3/26/13 12:00 AM
426030;S189903;Receive Result Appeal from Prefecture;complete;5/10/13 12:00 AM
426436;S190532;Receive Result Appeal from Prefecture;complete;5/10/13 12:00 AM
426653;S190810;Receive Result Appeal from Prefecture;complete;4/4/13 12:00 AM
426880;S191101;Receive Result Appeal from Prefecture;complete;3/26/13 12:00 AM
427006;S191297;Receive Result Appeal from Prefecture;complete;4/8/13 12:00 AM
427174;S191487;Receive Result Appeal from Prefecture;complete;5/3/13 12:00 AM
427543;S191930;Receive Result Appeal from Prefecture;complete;5/3/13 12:00 AM
429828;S39466;Receive Result Appeal from Prefecture;complete;6/26/03 12:00 AM
430595;S42881;Receive Result Appeal from Prefecture;complete;12/15/03 12:00 AM
431353;S43497;Receive Result Appeal from Prefecture;complete;7/10/02 12:00 AM
431813;S44061;Receive Result Appeal from Prefecture;complete;4/22/03 12:00 AM
434663;S47893;Receive Result Appeal from Prefecture;complete;7/2/00 12:00 AM
434741;S47917;Receive Result Appeal from Prefecture;complete;11/21/00 12:00 AM
435689;S48577;Receive Result Appeal from Prefecture;complete;7/2/00 12:00 AM
437402;S49700;Receive Result Appeal from Prefecture;complete;9/20/00 12:00 AM
440142;S50893;Receive Result Appeal from Prefecture;complete;11/21/00 12:00 AM
440783;S51138;Receive Result Appeal from Prefecture;complete;11/21/00 12:00 AM
442328;S51802;Receive Result Appeal from Prefecture;complete;11/21/00 12:00 AM
444683;S52805;Receive Result Appeal from Prefecture;complete;8/28/02 12:00 AM
448851;S54626;Receive Result Appeal from Prefecture;complete;2/13/02 12:00 AM
461535;S60542;Receive Result Appeal from Prefecture;complete;12/13/01 12:00 AM
468083;S63224;Receive Result Appeal from Prefecture;complete;11/18/01 12:00 AM
468091;S63226;Receive Result Appeal from Prefecture;complete;10/31/01 12:00 AM
468106;S63230;Receive Result Appeal from Prefecture;complete;10/31/01 12:00 AM
470956;S64456;Receive Result Appeal from Prefecture;complete;1/8/02 12:00 AM
471039;S64488;Receive Result Appeal from Prefecture;complete;12/20/01 12:00 AM
472555;S65168;Receive Result Appeal from Prefecture;complete;12/18/01 12:00 AM
472802;S65295;Receive Result Appeal from Prefecture;complete;1/8/02 12:00 AM
474253;S65928;Receive Result Appeal from Prefecture;complete;12/14/02 12:00 AM
474574;S66061;Receive Result Appeal from Prefecture;complete;12/3/01 12:00 AM
474681;S66108;Receive Result Appeal from Prefecture;complete;2/1/02 12:00 AM
474823;S66168;Receive Result Appeal from Prefecture;complete;12/20/01 12:00 AM
475138;S66322;Receive Result Appeal from Prefecture;complete;1/8/02 12:00 AM
476389;S66860;Receive Result Appeal from Prefecture;complete;3/1/02 12:00 AM
476888;S67063;Receive Result Appeal from Prefecture;complete;2/13/02 12:00 AM
478349;S67671;Receive Result Appeal from Prefecture;complete;4/30/02 12:00 AM
480118;S68432;Receive Result Appeal from Prefecture;complete;1/8/02 12:00 AM
480932;S68811;Receive Result Appeal from Prefecture;complete;12/28/01 12:00 AM
481255;S68987;Receive Result Appeal from Prefecture;complete;12/28/01 12:00 AM
481474;S69073;Receive Result Appeal from Prefecture;complete;1/8/02 12:00 AM
481783;S69231;Receive Result Appeal from Prefecture;complete;1/8/02 12:00 AM
482625;S69696;Receive Result Appeal from Prefecture;complete;1/3/02 12:00 AM
483834;S70594;Receive Result Appeal from Prefecture;complete;10/15/02 12:00 AM
484143;S70727;Receive Result Appeal from Prefecture;complete;10/15/02 12:00 AM
485325;S71308;Receive Result Appeal from Prefecture;complete;12/14/02 12:00 AM
486042;S71621;Receive Result Appeal from Prefecture;complete;10/15/02 12:00 AM
487088;S72097;Receive Result Appeal from Prefecture;complete;3/28/03 12:00 AM
487739;S72395;Receive Result Appeal from Prefecture;complete;11/17/02 12:00 AM
487764;S72408;Receive Result Appeal from Prefecture;complete;12/4/02 12:00 AM
488023;S72526;Receive Result Appeal from Prefecture;complete;3/31/04 12:00 AM
488786;S72867;Receive Result Appeal from Prefecture;complete;1/7/03 12:00 AM
489065;S72991;Receive Result Appeal from Prefecture;complete;12/14/02 12:00 AM
490153;S73394;Receive Result Appeal from Prefecture;complete;11/17/02 12:00 AM
490507;S73536;Receive Result Appeal from Prefecture;complete;12/14/02 12:00 AM
490770;S73642;Receive Result Appeal from Prefecture;complete;2/28/03 12:00 AM
490914;S73706;Receive Result Appeal from Prefecture;complete;12/14/02 12:00 AM
491118;S73798;Receive Result Appeal from Prefecture;complete;2/20/03 12:00 AM
492037;S74163;Receive Result Appeal from Prefecture;complete;5/5/03 12:00 AM
492084;S74183;Receive Result Appeal from Prefecture;complete;4/22/03 12:00 AM
492213;S74232;Receive Result Appeal from Prefecture;complete;1/7/03 12:00 AM
492561;S74383;Receive Result Appeal from Prefecture;complete;1/7/03 12:00 AM
492846;S74518;Receive Result Appeal from Prefecture;complete;12/14/02 12:00 AM
494399;S75179;Receive Result Appeal from Prefecture;complete;12/14/02 12:00 AM
495095;S75463;Receive Result Appeal from Prefecture;complete;4/22/03 12:00 AM
495209;S75516;Receive Result Appeal from Prefecture;complete;3/6/03 12:00 AM
495287;S75544;Receive Result Appeal from Prefecture;complete;2/28/03 12:00 AM
495580;S75671;Receive Result Appeal from Prefecture;complete;3/10/03 12:00 AM
496322;S75970;Receive Result Appeal from Prefecture;complete;2/21/03 12:00 AM
496492;S76033;Receive Result Appeal from Prefecture;complete;12/18/02 12:00 AM
498050;S76678;Receive Result Appeal from Prefecture;complete;5/5/03 12:00 AM
498907;S77103;Receive Result Appeal from Prefecture;complete;3/28/03 12:00 AM
499434;S77336;Receive Result Appeal from Prefecture;complete;4/22/03 12:00 AM
499832;S77522;Receive Result Appeal from Prefecture;complete;6/26/03 12:00 AM
500433;S77843;Receive Result Appeal from Prefecture;complete;2/20/03 12:00 AM
501131;S78275;Receive Result Appeal from Prefecture;complete;5/5/03 12:00 AM
501225;S78317;Receive Result Appeal from Prefecture;complete;3/28/03 12:00 AM
501293;S78351;Receive Result Appeal from Prefecture;complete;5/5/03 12:00 AM
501625;S78532;Receive Result Appeal from Prefecture;complete;3/28/03 12:00 AM
504336;S80360;Receive Result Appeal from Prefecture;complete;6/29/04 12:00 AM
504530;S80519;Receive Result Appeal from Prefecture;complete;4/2/04 12:00 AM
506150;S81379;Receive Result Appeal from Prefecture;complete;4/26/04 12:00 AM
507933;S82365;Receive Result Appeal from Prefecture;complete;3/31/04 12:00 AM
508322;S82608;Receive Result Appeal from Prefecture;complete;6/18/04 12:00 AM
508439;S82666;Receive Result Appeal from Prefecture;complete;4/2/04 12:00 AM
508449;S82669;Receive Result Appeal from Prefecture;complete;3/31/04 12:00 AM
508779;S82844;Receive Result Appeal from Prefecture;complete;3/31/04 12:00 AM
508874;S82890;Receive Result Appeal from Prefecture;complete;3/26/04 12:00 AM
509344;S83239;Receive Result Appeal from Prefecture;complete;6/18/04 12:00 AM
509734;S83516;Receive Result Appeal from Prefecture;complete;5/31/04 12:00 AM
510873;S84245;Receive Result Appeal from Prefecture;complete;3/15/05 12:00 AM
511002;S84347;Receive Result Appeal from Prefecture;complete;6/8/04 12:00 AM
511500;S84646;Receive Result Appeal from Prefecture;complete;6/29/04 12:00 AM
512007;S84959;Receive Result Appeal from Prefecture;complete;5/15/04 12:00 AM
512120;S85017;Receive Result Appeal from Prefecture;complete;3/31/04 12:00 AM
512451;S85301;Receive Result Appeal from Prefecture;complete;9/2/04 12:00 AM
513100;S85949;Receive Result Appeal from Prefecture;complete;10/5/04 12:00 AM
513835;S86324;Receive Result Appeal from Prefecture;complete;5/10/04 12:00 AM
514004;S86412;Receive Result Appeal from Prefecture;complete;3/15/05 12:00 AM
514189;S86512;Receive Result Appeal from Prefecture;complete;6/8/04 12:00 AM
514198;S86513;Receive Result Appeal from Prefecture;complete;6/18/04 12:00 AM
514878;S86974;Receive Result Appeal from Prefecture;complete;3/26/04 12:00 AM
514969;S87021;Receive Result Appeal from Prefecture;complete;6/8/04 12:00 AM
515117;S87107;Receive Result Appeal from Prefecture;complete;4/2/04 12:00 AM
516222;S87856;Receive Result Appeal from Prefecture;complete;6/29/04 12:00 AM
516596;S88123;Receive Result Appeal from Prefecture;complete;6/30/04 12:00 AM
516894;S88306;Receive Result Appeal from Prefecture;complete;6/11/04 12:00 AM
517202;S88494;Receive Result Appeal from Prefecture;complete;3/8/07 12:00 AM
519194;S90472;Receive Result Appeal from Prefecture;complete;7/30/04 12:00 AM
519203;S90473;Receive Result Appeal from Prefecture;complete;7/30/04 12:00 AM
519483;S90624;Receive Result Appeal from Prefecture;complete;7/30/04 12:00 AM
520175;S91198;Receive Result Appeal from Prefecture;complete;2/4/05 12:00 AM
520369;S91433;Receive Result Appeal from Prefecture;complete;10/15/04 12:00 AM
521406;S92388;Receive Result Appeal from Prefecture;complete;10/15/04 12:00 AM
521597;S92532;Receive Result Appeal from Prefecture;complete;12/7/04 12:00 AM
521624;S92539;Receive Result Appeal from Prefecture;complete;12/7/04 12:00 AM
522287;S92980;Receive Result Appeal from Prefecture;complete;2/4/05 12:00 AM
522333;S92995;Receive Result Appeal from Prefecture;complete;3/15/05 12:00 AM
522344;S92999;Receive Result Appeal from Prefecture;complete;3/15/05 12:00 AM
522596;S93290;Receive Result Appeal from Prefecture;complete;2/4/05 12:00 AM
523393;S93920;Receive Result Appeal from Prefecture;complete;4/8/05 12:00 AM
523935;S94218;Receive Result Appeal from Prefecture;complete;3/15/05 12:00 AM
524569;S94546;Receive Result Appeal from Prefecture;complete;2/15/05 12:00 AM
524577;S94547;Receive Result Appeal from Prefecture;complete;3/15/05 12:00 AM
524752;S94667;Receive Result Appeal from Prefecture;complete;2/4/05 12:00 AM
524780;S94673;Receive Result Appeal from Prefecture;complete;2/4/05 12:00 AM
525599;S95100;Receive Result Appeal from Prefecture;complete;4/22/05 12:00 AM
525971;S95270;Receive Result Appeal from Prefecture;complete;4/29/05 12:00 AM
526005;S95307;Receive Result Appeal from Prefecture;complete;6/28/05 12:00 AM
526509;S95543;Receive Result Appeal from Prefecture;complete;2/19/05 12:00 AM
526847;S95740;Receive Result Appeal from Prefecture;complete;10/28/05 12:00 AM
527377;S96010;Receive Result Appeal from Prefecture;complete;2/15/05 12:00 AM
527811;S96230;Receive Result Appeal from Prefecture;complete;4/8/05 12:00 AM
528630;S96683;Receive Result Appeal from Prefecture;complete;4/8/05 12:00 AM
530913;S98111;Receive Result Appeal from Prefecture;complete;6/21/05 12:00 AM
531718;S98623;Receive Result Appeal from Prefecture;complete;10/28/05 12:00 AM
531809;S98679;Receive Result Appeal from Prefecture;complete;4/8/05 12:00 AM
531952;S98758;Receive Result Appeal from Prefecture;complete;4/8/05 12:00 AM
531978;S98764;Receive Result Appeal from Prefecture;complete;10/28/05 12:00 AM
532482;S99130;Receive Result Appeal from Prefecture;complete;7/18/05 12:00 AM
532532;S99168;Receive Result Appeal from Prefecture;complete;9/26/05 12:00 AM
532564;S99180;Receive Result Appeal from Prefecture;complete;2/17/06 12:00 AM
532780;S99286;Receive Result Appeal from Prefecture;complete;10/3/05 12:00 AM
532839;S99367;Receive Result Appeal from Prefecture;complete;6/28/05 12:00 AM
533577;S99976;Receive Result Appeal from Prefecture;complete;10/3/05 12:00 AM
533657;V10018;Receive Result Appeal from Prefecture;complete;2/20/03 12:00 AM
533699;V10033;Receive Result Appeal from Prefecture;complete;3/28/03 12:00 AM
533782;V10054;Receive Result Appeal from Prefecture;complete;1/30/03 12:00 AM
533835;V10067;Receive Result Appeal from Prefecture;complete;3/6/03 12:00 AM
533920;V10103;Receive Result Appeal from Prefecture;complete;4/22/03 12:00 AM
533956;V10120;Receive Result Appeal from Prefecture;complete;1/30/03 12:00 AM
534160;V10193;Receive Result Appeal from Prefecture;complete;2/28/03 12:00 AM
534254;V10241;Receive Result Appeal from Prefecture;complete;2/20/03 12:00 AM
534787;V10450;Receive Result Appeal from Prefecture;complete;7/1/03 12:00 AM
535060;V10556;Receive Result Appeal from Prefecture;complete;10/6/03 12:00 AM
535711;V10968;Receive Result Appeal from Prefecture;complete;4/2/04 12:00 AM
536117;V11127;Receive Result Appeal from Prefecture;complete;9/30/03 12:00 AM
536347;V11249;Receive Result Appeal from Prefecture;complete;9/30/03 12:00 AM
536851;V11578;Receive Result Appeal from Prefecture;complete;3/26/04 12:00 AM
536876;V11582;Receive Result Appeal from Prefecture;complete;11/25/03 12:00 AM
536891;V11590;Receive Result Appeal from Prefecture;complete;12/15/03 12:00 AM
536907;V11593;Receive Result Appeal from Prefecture;complete;12/22/03 12:00 AM
536932;V11604;Receive Result Appeal from Prefecture;complete;12/15/03 12:00 AM
536962;V11612;Receive Result Appeal from Prefecture;complete;12/10/03 12:00 AM
536988;V11633;Receive Result Appeal from Prefecture;complete;1/9/04 12:00 AM
537070;V11661;Receive Result Appeal from Prefecture;complete;12/15/03 12:00 AM
537079;V11662;Receive Result Appeal from Prefecture;complete;12/10/03 12:00 AM
537299;V11762;Receive Result Appeal from Prefecture;complete;12/15/03 12:00 AM
537370;V11790;Receive Result Appeal from Prefecture;complete;12/5/03 12:00 AM
537394;V11801;Receive Result Appeal from Prefecture;complete;12/15/03 12:00 AM
537568;V11858;Receive Result Appeal from Prefecture;complete;1/9/04 12:00 AM
537674;V11900;Receive Result Appeal from Prefecture;complete;12/5/03 12:00 AM
537709;V11908;Receive Result Appeal from Prefecture;complete;3/31/04 12:00 AM
537730;V11923;Receive Result Appeal from Prefecture;complete;12/15/03 12:00 AM
537878;V11980;Receive Result Appeal from Prefecture;complete;12/5/03 12:00 AM
537894;V11986;Receive Result Appeal from Prefecture;complete;12/15/03 12:00 AM
537990;V12021;Receive Result Appeal from Prefecture;complete;12/22/03 12:00 AM
537999;V12024;Receive Result Appeal from Prefecture;complete;3/31/04 12:00 AM
538060;V12053;Receive Result Appeal from Prefecture;complete;12/15/03 12:00 AM
538122;V12074;Receive Result Appeal from Prefecture;complete;12/10/03 12:00 AM
538208;V12113;Receive Result Appeal from Prefecture;complete;12/15/03 12:00 AM
538352;V12159;Receive Result Appeal from Prefecture;complete;11/25/03 12:00 AM
538490;V12206;Receive Result Appeal from Prefecture;complete;11/10/03 12:00 AM
538537;V12217;Receive Result Appeal from Prefecture;complete;1/9/04 12:00 AM
538546;V12218;Receive Result Appeal from Prefecture;complete;12/15/03 12:00 AM
538696;V12270;Receive Result Appeal from Prefecture;complete;11/10/03 12:00 AM
538720;V12287;Receive Result Appeal from Prefecture;complete;11/10/03 12:00 AM
538743;V12293;Receive Result Appeal from Prefecture;complete;1/9/04 12:00 AM
538983;V12383;Receive Result Appeal from Prefecture;complete;1/9/04 12:00 AM
539194;V12461;Receive Result Appeal from Prefecture;complete;3/31/04 12:00 AM
539269;V12494;Receive Result Appeal from Prefecture;complete;4/2/04 12:00 AM
539424;V12557;Receive Result Appeal from Prefecture;complete;6/11/04 12:00 AM
539602;V14999;Receive Result Appeal from Prefecture;complete;10/28/05 12:00 AM
539756;V15419;Receive Result Appeal from Prefecture;complete;8/31/06 12:00 AM
539831;V15478;Receive Result Appeal from Prefecture;complete;8/7/06 12:00 AM
540167;V15722;Receive Result Appeal from Prefecture;complete;2/2/07 12:00 AM
540565;V16089;Receive Result Appeal from Prefecture;complete;4/30/07 12:00 AM
540614;V16105;Receive Result Appeal from Prefecture;complete;4/16/07 12:00 AM
540623;V16109;Receive Result Appeal from Prefecture;complete;10/2/07 12:00 AM
540667;V16122;Receive Result Appeal from Prefecture;complete;10/2/07 12:00 AM
541148;V16460;Receive Result Appeal from Prefecture;complete;3/30/07 12:00 AM
541158;V16462;Receive Result Appeal from Prefecture;complete;5/4/07 12:00 AM
541183;V16483;Receive Result Appeal from Prefecture;complete;8/6/07 12:00 AM
541283;V16549;Receive Result Appeal from Prefecture;complete;8/31/07 12:00 AM
541430;V16668;Receive Result Appeal from Prefecture;complete;11/21/07 12:00 AM
541498;V16713;Receive Result Appeal from Prefecture;complete;1/21/08 12:00 AM
541512;V16732;Receive Result Appeal from Prefecture;complete;7/24/08 12:00 AM
541671;V16845;Receive Result Appeal from Prefecture;complete;6/16/08 12:00 AM
541924;V17003;Receive Result Appeal from Prefecture;complete;9/22/08 12:00 AM
541939;V17023;Receive Result Appeal from Prefecture;complete;9/23/08 12:00 AM
542056;V17076;Receive Result Appeal from Prefecture;complete;11/27/08 12:00 AM
542136;V17113;Receive Result Appeal from Prefecture;complete;2/12/09 12:00 AM
542357;V17264;Receive Result Appeal from Prefecture;complete;1/12/09 12:00 AM
542407;V17289;Receive Result Appeal from Prefecture;complete;9/12/08 12:00 AM
542625;V17438;Receive Result Appeal from Prefecture;complete;1/12/09 12:00 AM
542687;V17471;Receive Result Appeal from Prefecture;complete;2/12/09 12:00 AM
542833;V17546;Receive Result Appeal from Prefecture;complete;2/13/09 12:00 AM
542860;V17555;Receive Result Appeal from Prefecture;complete;2/20/09 12:00 AM
542875;V17561;Receive Result Appeal from Prefecture;complete;2/9/09 12:00 AM
543071;V17677;Receive Result Appeal from Prefecture;complete;2/12/09 12:00 AM
543319;V17805;Receive Result Appeal from Prefecture;complete;3/9/09 12:00 AM
543347;V17822;Receive Result Appeal from Prefecture;complete;6/4/09 12:00 AM
543810;V18079;Receive Result Appeal from Prefecture;complete;10/15/09 12:00 AM
543986;V18189;Receive Result Appeal from Prefecture;complete;12/3/09 12:00 AM
544002;V18195;Receive Result Appeal from Prefecture;complete;10/8/09 12:00 AM
544068;V18237;Receive Result Appeal from Prefecture;complete;9/28/09 12:00 AM
544184;V18308;Receive Result Appeal from Prefecture;complete;3/8/10 12:00 AM
544251;V18348;Receive Result Appeal from Prefecture;complete;12/3/09 12:00 AM
544588;V18515;Receive Result Appeal from Prefecture;complete;7/6/10 12:00 AM
544694;V18566;Receive Result Appeal from Prefecture;complete;12/14/09 12:00 AM
544763;V18588;Receive Result Appeal from Prefecture;complete;12/3/09 12:00 AM
544778;V18591;Receive Result Appeal from Prefecture;complete;1/22/10 12:00 AM
544796;V18599;Receive Result Appeal from Prefecture;complete;3/8/10 12:00 AM
544851;V18650;Receive Result Appeal from Prefecture;complete;1/12/10 12:00 AM
544870;V18655;Receive Result Appeal from Prefecture;complete;3/8/10 12:00 AM
544989;V18738;Receive Result Appeal from Prefecture;complete;3/1/10 12:00 AM
545170;V18853;Receive Result Appeal from Prefecture;complete;7/8/10 12:00 AM
546026;V19288;Receive Result Appeal from Prefecture;complete;3/23/12 12:00 AM
546110;V3878;Receive Result Appeal from Prefecture;complete;7/2/00 12:00 AM
546269;V3936;Receive Result Appeal from Prefecture;complete;7/2/00 12:00 AM
546495;V4034;Receive Result Appeal from Prefecture;complete;9/20/00 12:00 AM
546509;V4036;Receive Result Appeal from Prefecture;complete;7/2/00 12:00 AM
546875;V4180;Receive Result Appeal from Prefecture;complete;9/20/00 12:00 AM
546969;V4224;Receive Result Appeal from Prefecture;complete;7/2/00 12:00 AM
547168;V4292;Receive Result Appeal from Prefecture;complete;9/20/00 12:00 AM
547464;V4402;Receive Result Appeal from Prefecture;complete;7/2/00 12:00 AM
547651;V4471;Receive Result Appeal from Prefecture;complete;11/21/00 12:00 AM
547665;V4473;Receive Result Appeal from Prefecture;complete;11/21/00 12:00 AM
547695;V4481;Receive Result Appeal from Prefecture;complete;11/21/00 12:00 AM
547783;V4508;Receive Result Appeal from Prefecture;complete;11/21/00 12:00 AM
547792;V4509;Receive Result Appeal from Prefecture;complete;11/21/00 12:00 AM
547912;V4564;Receive Result Appeal from Prefecture;complete;11/21/00 12:00 AM
548127;V4649;Receive Result Appeal from Prefecture;complete;11/21/00 12:00 AM
548173;V4663;Receive Result Appeal from Prefecture;complete;11/21/00 12:00 AM
548347;V4727;Receive Result Appeal from Prefecture;complete;11/21/00 12:00 AM
548383;V4742;Receive Result Appeal from Prefecture;complete;11/21/00 12:00 AM
548453;V4775;Receive Result Appeal from Prefecture;complete;11/21/00 12:00 AM
548466;V4779;Receive Result Appeal from Prefecture;complete;11/21/00 12:00 AM
548625;V4845;Receive Result Appeal from Prefecture;complete;11/21/00 12:00 AM
548785;V4898;Receive Result Appeal from Prefecture;complete;11/21/00 12:00 AM
548913;V4946;Receive Result Appeal from Prefecture;complete;11/21/00 12:00 AM
549124;V5010;Receive Result Appeal from Prefecture;complete;11/21/00 12:00 AM
549142;V5015;Receive Result Appeal from Prefecture;complete;11/21/00 12:00 AM
549201;V5041;Receive Result Appeal from Prefecture;complete;11/21/00 12:00 AM
549237;V5055;Receive Result Appeal from Prefecture;complete;11/21/00 12:00 AM
549373;V5108;Receive Result Appeal from Prefecture;complete;11/21/00 12:00 AM
549459;V5144;Receive Result Appeal from Prefecture;complete;11/21/00 12:00 AM
549479;V5148;Receive Result Appeal from Prefecture;complete;11/21/00 12:00 AM
550591;V5578;Receive Result Appeal from Prefecture;complete;11/21/00 12:00 AM
554996;V7364;Receive Result Appeal from Prefecture;complete;10/31/01 12:00 AM
555069;V7396;Receive Result Appeal from Prefecture;complete;10/31/01 12:00 AM
555202;V7435;Receive Result Appeal from Prefecture;complete;10/31/01 12:00 AM
555583;V7616;Receive Result Appeal from Prefecture;complete;1/10/02 12:00 AM
555988;V7799;Receive Result Appeal from Prefecture;complete;1/16/02 12:00 AM
556365;V7972;Receive Result Appeal from Prefecture;complete;9/29/02 12:00 AM
556438;V7998;Receive Result Appeal from Prefecture;complete;1/10/02 12:00 AM
556446;V7999;Receive Result Appeal from Prefecture;complete;1/16/02 12:00 AM
556831;V8160;Receive Result Appeal from Prefecture;complete;3/7/02 12:00 AM
556921;V8187;Receive Result Appeal from Prefecture;complete;8/26/02 12:00 AM
556953;V8200;Receive Result Appeal from Prefecture;complete;4/30/02 12:00 AM
557237;V8330;Receive Result Appeal from Prefecture;complete;4/22/02 12:00 AM
557296;V8350;Receive Result Appeal from Prefecture;complete;8/26/02 12:00 AM
557316;V8354;Receive Result Appeal from Prefecture;complete;4/2/02 12:00 AM
557348;V8364;Receive Result Appeal from Prefecture;complete;8/26/02 12:00 AM
557357;V8366;Receive Result Appeal from Prefecture;complete;4/30/02 12:00 AM
557859;V8571;Receive Result Appeal from Prefecture;complete;8/26/02 12:00 AM
558136;V8700;Receive Result Appeal from Prefecture;complete;4/30/02 12:00 AM
558736;V8906;Receive Result Appeal from Prefecture;complete;12/14/02 12:00 AM
558764;V8914;Receive Result Appeal from Prefecture;complete;12/14/02 12:00 AM
559074;V9029;Receive Result Appeal from Prefecture;complete;12/14/02 12:00 AM
559389;V9162;Receive Result Appeal from Prefecture;complete;12/14/02 12:00 AM
559497;V9212;Receive Result Appeal from Prefecture;complete;1/30/03 12:00 AM
560160;V9489;Receive Result Appeal from Prefecture;complete;5/5/03 12:00 AM
560239;V9525;Receive Result Appeal from Prefecture;complete;2/20/03 12:00 AM
560328;V9560;Receive Result Appeal from Prefecture;complete;3/10/03 12:00 AM
560358;V9576;Receive Result Appeal from Prefecture;complete;2/28/03 12:00 AM
561432;V9985;Receive Result Appeal from Prefecture;complete;2/20/03 12:00 AM
